Name,BSE Code,NSE Code,ISIN Code,Industry Group,Industry,Current Price,Market Capitalization,YOY Quarterly profit growth,YOY Quarterly sales growth,Price to Earning,Return over 1year,Debt to equity,CFO to PAT,PEG Ratio,Sales growth,Profit growth,Promoter holding,Return on invested capital,Return on capital employed,OPM,Free cash flow last year,Debt,EPS,DII holding,FII holding,Sales growth 3Years,Average return on capital employed 3Years,Pledged percentage,EVEBITDA,From 52w high,GPM latest quarter,Industry PE,Price to book value,Working Capital Days,Average Working Capital Days 3years,Interest Coverage Ratio,Change in FII holding 3Years,Change in DII holding 3Years,Sales preceding quarter,Sales latest quarter,Sales,Profit after tax latest quarter,Profit growth 3Years,Sales 2quarters back,Sales 3quarters back,OPM latest quarter,Net profit 2quarters back,Net profit 3quarters back,Profit after tax preceding quarter,Change in promoter holding 3Years,Debt 3Years back,Historical PE 5Years,OPM last year,OPM preceding year,OPM 5Year,OPM preceding quarter,Book value,EBIT,Enterprise Value,DMA 200,DMA 50
Amal,506597,AMAL,INE841D01013,Chemicals & Petrochemicals,Specialty Chemicals,723.00,895.64,77.98,104.06,30.15,-17.68,0.00,0.97,0.60,78.18,-22.33,71.35,27.45,26.05,14.24,14.87,0.00,24.03,0.03,0.00,57.51,22.98,0.00,18.21,0.72,24.45,29.27,7.43,7.17,-3.11,77.92,0.00,0.01,75.74,96.54,288.87,16.73,50.18,62.59,54.00,17.70,5.02,6.06,1.90,0.03,34.79,61.67,14.88,32.27,16.45,9.70,97.37,39.74,893.53,655.45,719.73
Arman Holdings,538556,,INE510P01018,Finance,Investment Company,115.05,59.95,7100.00,4209.09,35.90,27.20,0.00,1.21,0.14,336.50,3240.00,21.83,19.67,18.65,12.66,1.15,0.00,3.21,0.00,0.00,-4.97,6.33,0.00,26.58,0.95,7.24,24.27,8.17,376.25,360.69,,0.00,0.00,1.79,14.22,17.46,0.70,262.16,1.10,0.35,6.61,0.32,0.01,0.64,-3.10,0.00,505.65,35.57,-0.27,6.90,46.93,14.09,2.21,58.75,106.50,114.86
ASM Technologies,526433,,INE867C01010,IT - Software,Computers - Software & Consulting,6577.75,9594.74,72.25,61.75,131.34,55.88,0.42,1.12,1.50,68.31,86.64,57.65,28.30,26.95,20.00,-25.14,127.68,49.37,0.72,0.49,33.85,14.96,9.31,74.85,0.91,65.26,20.36,31.25,59.97,34.15,11.26,0.49,0.70,135.12,198.82,604.42,26.82,87.31,116.02,154.46,23.14,9.31,19.12,16.11,-5.14,74.06,61.48,19.08,16.39,13.70,18.49,210.49,113.43,9693.26,3849.68,5081.40
B C C Fuba India,517246,,INE788D01016,IT - Hardware,Computers Hardware & Equipments,258.75,629.68,192.42,62.58,74.69,56.51,0.35,1.58,2.03,55.47,101.19,32.34,15.49,19.19,17.39,1.49,16.10,3.88,0.49,0.00,36.33,17.80,1.55,43.10,0.95,42.14,22.90,11.22,10.31,26.73,11.36,0.00,0.29,22.79,25.20,82.29,3.86,36.74,17.29,17.01,23.85,1.17,1.45,1.95,-6.51,6.92,43.10,14.84,14.23,12.79,14.22,23.07,12.84,627.07,173.45,219.08
Borosil Renew.,502219,BORORENEW,INE666D01022,Industrial Products,Glass - Industrial,449.35,6576.83,156.91,22.10,16.37,-19.94,0.11,20.47,0.27,33.98,463.85,56.01,36.73,26.62,31.67,228.78,162.14,27.33,3.33,5.62,30.69,10.91,0.00,12.36,0.62,54.17,20.08,4.18,17.00,25.61,36.98,-0.67,3.26,437.62,405.69,1608.25,87.71,60.57,386.50,378.44,31.55,78.26,45.82,169.01,-5.59,362.73,51.33,30.74,14.88,23.01,31.01,107.43,454.80,6691.29,536.29,530.11
Danlaw Tech.,532329,,INE310B01013,Industrial Manufacturing,Industrial Products,1630.75,794.28,70.89,34.60,31.21,78.84,0.30,0.90,0.67,24.10,34.51,61.87,22.70,27.59,15.05,12.16,29.80,52.25,0.02,0.00,16.16,32.03,0.00,18.45,0.89,36.95,34.33,7.97,58.31,59.99,20.26,0.00,0.02,80.03,73.72,280.90,5.93,46.80,61.57,65.58,13.42,4.48,5.50,9.54,11.94,37.96,27.14,15.17,14.74,13.79,18.62,204.73,36.06,797.50,1045.40,1392.61
Dhampur.Spl.Sug.,531923,,INE956B01013,Agricultural Food & other Products,Sugar,126.45,110.41,76.29,74.72,17.20,36.29,0.00,0.91,0.11,54.01,107.77,60.27,13.89,19.67,12.80,1.41,0.00,7.20,0.00,0.00,39.31,11.49,0.00,11.61,0.76,32.03,14.48,2.60,60.49,109.10,214.75,0.00,0.00,17.31,17.42,65.84,1.71,163.75,16.35,14.76,12.86,2.04,1.95,0.72,4.68,0.00,22.40,12.47,8.83,6.87,3.41,48.61,8.59,104.24,120.14,135.30
DRC Systems,543268,DRCSYSTEMS,INE03RS01027,IT - Software,Computers - Software & Consulting,12.59,179.67,27.82,27.83,8.44,-42.33,0.00,2.46,0.19,47.26,36.71,20.63,83.19,25.42,26.98,47.48,0.42,1.44,0.39,0.00,55.03,28.44,0.00,5.83,0.55,100.00,20.36,1.61,-89.66,-46.98,36.08,-1.05,0.39,27.20,23.38,100.59,5.56,44.00,27.18,22.83,27.37,4.99,4.17,5.16,-1.94,0.60,23.14,28.79,31.95,28.10,26.14,7.81,23.45,176.97,15.12,13.29
Goenka Business,538787,,INE997C01015,Finance,Non Banking Financial Company (NBFC),10.00,13.00,132.35,210.96,2.57,3.31,0.00,1.97,0.01,146.26,1786.67,14.91,83.14,83.14,18.80,9.07,0.00,3.89,0.00,0.00,-14.23,61.18,0.00,0.28,0.78,44.49,19.91,0.36,-713.26,-643.86,1.28,0.00,0.00,36.12,24.41,173.93,0.11,220.52,81.99,31.41,36.26,2.67,-1.97,4.25,0.00,0.00,9.60,17.56,21.01,4.29,33.69,27.69,33.03,9.13,9.74,9.75
Indian Metals,533047,IMFA,INE919H01018,Ferrous Metals,Ferro & Silica Manganese,1273.70,6874.06,108.41,49.71,13.11,21.89,0.35,0.75,0.59,23.64,46.48,58.69,26.26,18.37,23.62,-1016.24,957.54,97.18,0.88,3.59,1.83,21.22,0.00,9.74,0.76,50.15,21.69,2.53,13.66,41.83,17.70,1.92,0.80,763.29,960.45,3145.22,192.34,22.28,702.83,718.65,29.29,131.46,97.56,103.22,0.00,340.53,9.63,20.80,20.69,22.34,20.84,503.67,727.74,7784.48,1310.21,1354.05
Jeena Sikho,544476,JSLL,INE0J5801029,Leisure Services,Wellness,490.75,6100.06,28.03,28.75,25.79,-41.43,0.27,1.18,0.29,56.71,103.13,63.62,43.37,70.74,42.63,230.52,127.28,19.03,0.36,4.78,57.83,59.64,0.00,15.91,0.58,88.56,25.79,13.05,54.34,55.82,22.62,4.78,0.36,215.55,224.40,851.46,65.69,88.18,221.66,189.85,41.05,66.73,58.79,45.35,-2.58,0.81,45.17,43.63,26.72,32.52,36.18,37.60,331.31,6119.73,593.29,536.24
KMC Speciality,524520,KMCSHIL,INE879K01018,Healthcare Services,Hospital,156.74,2532.81,119.76,37.91,45.42,134.92,0.40,1.69,2.23,35.06,137.83,75.00,18.61,26.24,30.20,62.57,83.68,3.42,0.00,0.02,25.21,21.77,0.00,24.16,0.98,86.39,49.91,12.15,-19.28,-38.25,10.26,0.02,0.00,82.25,91.78,330.99,16.57,20.40,82.06,74.90,31.03,13.73,10.84,14.63,0.00,49.94,45.24,28.94,24.82,27.13,31.45,12.90,83.60,2561.80,107.81,132.59
Mahalaxmi Rubtec,514450,MHLXMIRU,INE112D01035,Textiles & Apparels,Other Textile Products,152.88,158.37,29.95,25.91,6.85,-30.20,0.13,1.27,0.26,22.66,28.73,64.81,27.30,32.85,25.75,18.02,11.65,21.81,0.07,0.09,17.26,29.42,0.00,3.56,0.59,44.39,19.19,1.79,22.33,27.28,57.09,0.09,0.00,29.56,31.54,118.45,5.77,26.59,27.39,29.96,23.43,6.04,5.88,5.43,0.01,18.39,16.45,26.93,25.87,20.01,25.17,85.54,31.40,126.17,175.89,164.86
Resonance Speci.,524218,,INE486D01017,Chemicals & Petrochemicals,Specialty Chemicals,164.60,189.95,252.15,53.17,13.09,62.01,0.03,1.67,0.48,24.19,92.44,54.25,17.68,20.00,18.62,13.58,2.24,12.57,1.55,0.00,15.89,14.21,0.00,9.18,0.87,51.47,29.27,2.59,155.63,194.08,114.76,0.00,1.52,24.48,32.58,101.55,5.74,27.20,22.96,21.53,22.90,2.51,1.66,4.60,0.00,2.29,18.27,15.67,13.93,14.97,23.04,63.44,19.51,191.59,128.60,157.12
Sandur Manganese,504918,SANDUMA,INE149K01016,Ferrous Metals,Iron & Steel,182.53,8870.41,36.28,21.09,11.96,13.56,0.31,1.74,0.33,45.22,50.62,74.22,25.18,24.23,23.53,987.78,999.36,14.75,0.58,1.73,33.77,19.96,0.00,7.37,0.67,58.93,17.02,2.73,-1.71,64.70,6.04,1.42,-0.16,1511.39,1374.78,5327.82,227.09,36.72,1209.31,1232.34,24.99,115.83,138.87,235.78,-0.09,206.07,16.34,23.74,24.93,26.54,25.57,66.93,1116.23,9781.84,202.26,200.48
Sanrhea Tech.,514280,,INE589J01015,Textiles & Apparels,Other Textile Products,159.55,90.78,102.02,59.57,13.55,13.40,0.12,2.23,0.44,20.04,40.76,74.98,18.12,23.23,13.45,12.05,4.01,11.78,0.00,0.00,8.71,25.28,0.00,7.33,0.89,37.44,19.19,2.69,103.13,87.20,8.64,0.00,0.00,21.29,28.34,91.03,2.00,30.77,23.02,18.38,11.96,1.55,0.79,2.36,3.45,6.99,13.45,13.75,12.57,11.91,18.79,59.24,10.20,90.58,141.14,149.64
Shaily Engineer.,501423,SHAILY,INE151G01028,Consumer Durables,Plastic Products - Consumer,3107.20,14297.18,45.87,22.07,80.40,25.41,0.27,1.34,1.07,22.25,83.13,41.09,27.54,30.17,28.87,37.09,175.20,38.68,14.84,18.18,15.38,19.39,0.00,48.72,0.86,52.96,27.43,21.99,12.14,8.72,16.40,11.06,1.00,224.07,274.78,970.88,52.47,75.20,236.42,235.61,31.37,35.64,41.03,48.68,-2.72,187.97,72.54,27.69,19.57,19.34,28.04,141.32,249.18,14465.01,2674.71,3159.12
SJS Enterprises,543387,SJS,INE284S01014,Auto Components,Auto Components & Equipments,2266.00,7327.68,57.47,24.49,38.45,55.28,0.03,1.30,1.02,28.78,53.02,20.15,30.11,28.58,28.72,141.64,23.25,66.00,34.04,14.67,30.17,24.30,4.50,23.69,0.87,56.74,28.13,8.35,55.90,62.17,72.33,9.35,21.44,260.12,261.00,1006.41,54.44,37.52,243.53,241.76,28.61,45.04,43.27,48.49,-31.18,30.49,28.84,28.39,25.76,26.12,28.71,271.24,255.32,7323.44,1997.79,2340.85
SRM Contractors,544158,SRM,INE0R6Z01013,Construction,Civil Construction,425.75,975.23,54.59,37.82,8.27,-22.85,0.36,0.83,0.10,75.33,86.75,72.59,22.78,37.14,17.24,-90.61,134.74,51.42,0.25,0.10,50.59,32.80,0.00,4.77,0.65,39.37,15.59,2.63,29.03,47.35,13.34,,,445.75,196.26,1079.44,19.71,81.27,231.21,206.22,19.47,24.10,20.08,54.10,,46.96,17.57,16.41,15.44,14.63,16.69,161.74,169.78,925.90,477.89,472.24
Thyrocare Tech.,539871,THYROCARE,INE594H01019,Healthcare Services,Healthcare Service Provider,559.25,8928.54,34.06,24.34,49.40,38.84,0.09,1.31,1.38,21.09,69.85,60.92,38.19,35.38,32.14,197.75,50.69,11.08,20.92,5.43,16.33,26.10,100.00,29.72,0.84,74.10,36.21,15.20,18.81,12.95,71.28,1.99,7.46,223.95,240.02,876.03,52.19,35.80,195.53,216.53,32.19,28.05,47.81,47.12,-10.22,23.31,47.02,31.75,27.59,29.70,33.53,36.79,240.22,8911.07,494.09,567.21
Valiant Commun.,526775,,INE760B01019,Telecom -  Equipment & Accessories,Telecom -  Equipment & Accessories,1259.90,1473.09,65.04,38.76,54.08,95.13,0.03,1.34,0.38,65.65,143.00,39.65,25.01,39.73,37.78,26.33,2.52,23.68,3.28,0.96,39.15,26.60,0.00,35.84,0.93,65.03,50.17,14.94,114.14,167.92,183.10,0.96,3.28,24.24,25.42,91.97,7.79,143.73,22.14,20.17,42.72,6.04,5.27,8.14,-6.72,1.82,62.58,35.61,27.20,24.53,38.20,84.34,36.62,1418.93,1009.50,1169.93
Vijaya Diagnost.,543350,VIJAYA,INE043W01024,Healthcare Services,Healthcare Service Provider,1506.10,15523.82,37.60,22.83,82.80,43.45,0.44,1.56,3.41,20.18,23.76,52.51,18.35,20.53,42.23,90.70,422.59,18.24,31.61,11.65,21.03,20.31,1.96,41.37,0.95,88.92,36.21,16.19,-37.24,-38.00,7.84,-8.62,12.59,219.38,230.98,857.13,53.10,24.27,205.21,201.56,42.66,43.18,43.28,47.93,-2.47,247.56,61.58,41.38,40.10,41.04,43.54,93.02,288.16,15893.68,1237.00,1430.98
