Symbol,Exchange,Description,Market capitalization,Price,Sector,"Gross profit growth %, Quarterly YoY","Revenue growth %, Quarterly YoY","Gross margin %, Trailing 12 months","Free cash flow margin %, Annual","Revenue growth %, Annual YoY",Price to earnings ratio,"Forward non-GAAP price to earnings, Annual","Net debt, Annual","Enterprise value to EBITDA ratio, Trailing 12 months","Enterprise value to revenue ratio, Trailing 12 months",Price to sales ratio,"Operating margin %, Trailing 12 months",Price to book ratio,"Return on equity %, Trailing 12 months",Upcoming earnings date,"Cash and equivalents, Annual","Long term debt, Annual","Earnings per share diluted growth %, TTM YoY","Return on invested capital %, Annual","Debt to equity ratio, Quarterly",Performance % 1 year,"Net margin %, Trailing 12 months","Revenue growth %, 5 year CAGR","Price to earning to growth, Trailing 12 months",Analyst Rating,"Piotroski F-score, Trailing 12 months","Altman Z-score, Trailing 12 months","Shares buyback ratio %, Annual","Interest coverage, Annual","Return on capital employed %, Annual","Sloan ratio %, Annual",Buyback yield %,"Research and development ratio, Annual","Net debt to EBITDA ratio, Annual","Revenue per employee, Annual","Sustainable growth rate, Annual",Free float %,"Free cash flow per share, Trailing 12 months","Exponential moving average, 50, 1 day","Exponential moving average, 200, 1 day","Cash and short-term investments, Annual","Performance %, 3 months","Performance %, 6 months","Earnings per share estimate, Annual","Beta, 5 years","EBITDA margin %, Trailing 12 months","Capital expenditures per share, Trailing 12 months","Earnings per share diluted growth %, Quarterly YoY","Target price, 1 year","Average volume, 30 days","Relative strength index, 14, 1 day",Total common shares outstanding,"Number of employees, Annual","Free cash flow, Annual","Free cash flow, Trailing 12 months","High, 52 weeks","Performance %, 1 week","Performance %, 1 month","Average true range, 14, 1 day","Simple moving average, 50, 1 day","Simple moving average, 150, 1 day","Simple moving average, 200, 1 day","Volatility, 1 month","Volatility, 1 week","Low, 52 weeks","Relative volume, 1 week",Volume,"Exponential moving average, 21, 1 day",Industry,Gap
DELL,NYSE,Dell Technologies Inc.,281982806019,434.97,Electronic Technology,59.411404046597184,87.48824082784571,19.0922979468644,7.519894482303803,19.12493322299852,34.56504636803586,23.592216374745735,20524000000,20.765347492714778,2.2516362187949475,2.201023363267129,8.5710027201252,,,46268.0000,11706000000,23994000000,100.63934948979589,29.7342650336865,,242.496062992126,6.26672131758393,5.559973295903342,0.355496068335542,Buy,8,2.23601736922393,9.523809523809524,5.726923076923077,25.082823291594135,-3.1534466757498567,2.2100638290620056,2.648494174543856,1.7156231714452896,1172422.68041237,,92.70349999999999,14.393292682926829,354.72051446671617,226.37563853394985,11706000000,137.39664347114206,262.5354225704284,18.437013,1.299666,10.8432388120878,4.61585365853659,281.26000290993744,503.619048,11013247.5,59.5081377319556,325047000,97000,8552000000,9442000000,469.47,4.539992309171324,15.40114613180516,29.95605945452497,344.722,211.06133333333324,194.22200000000004,7.067648349289989,8.82230713883455,110.22,0.8495186843575173,5146813,409.444151536814,Computer Processing Hardware,-0.24654613300164663
ANET,NYSE,"Arista Networks, Inc.",235420533414.99997,186.96,Electronic Technology,31.40036047331714,35.125698324022345,63.5372145954129,47.218983532651535,28.59506284746884,64.0186275852623,51.50742416595221,-10743000000,52.641258623008845,22.973185451446458,24.22868639223885,42.7924077487925,17.455197299934177,31.5213799764469,46238.0000,1963900000,0,23.546831373212623,31.3478588351834,0,76.2111215834119,38.3165635073482,31.189506024306745,2.685768450150041,StrongBuy,4,13.7775383674522,0.3832450405681651,,30.382371054860624,13.963472949209715,0.32133985469586873,13.739076362748037,-2.734492325705704,1760645.16129032,31.4004185142641,82.9951,4.143586120270059,161.93243940058298,143.74327691125487,10743000000,26.71817812118749,50.084289957453656,3.629768,1.6012017,43.6410261691675,0.114303658345109,26.21817038667087,190.295162,8657562.733333332,62.92136792173482,1259200000,5115,4252399999.9999995,5278100000,189.817,12.3827843231546,23.814569536423846,9.781316073132036,160.34522000000004,144.70647333333338,143.94795499999992,5.07072592560373,7.730349708843259,104.681,0.9236540494947744,5592505,169.07179175598503,Computer Peripherals,0.32865883372137056
FTNT,NASDAQ,"Fortinet, Inc.",115399441752,157.51,Technology Services,19.132039146478423,20.12729752549198,80.3038188339546,32.73427848696982,14.167702071929883,60.856966231357696,49.99982540852025,-2520700000,47.684145740662316,15.838152015190941,17.106497503340602,31.0204655742317,116.81511751225553,132.391790286527,46232.0000,2495300000,526000000,6.532208273307267,86.24476500698,0.501970294028493,46.23526134992109,27.4913847668612,21.252104718544174,9.684348412335416,Neutral,5,5.47687766201198,3.129074315514994,103.19900497512438,37.518087107509764,-1.3292650059677338,2.6609314164613638,11.993352550150009,-1.1322373444728921,450036.402144417,135.715593307216,82.77319999999999,3.278809908454497,135.8904230163591,104.88410164702225,3582500000,95.61599602583209,101.54830454254636,3.150211,1.0894403,33.214712708348,0.496634356488961,28.983688833124233,115.911765,6592232.366666695,59.89335826623041,732648000,15109,2225800000,2435500000,165.2799,-0.7123045890065529,14.303338171262684,6.599162644741904,134.27320000000012,98.95293333333336,95.09417500000006,4.185580859881452,6.728241947447803,70.12,0.7702301691276465,3519019,151.47499583892892,Information Technology Services,0.43058694191657765
MNST,NASDAQ,Monster Beverage Corporation,95248209984,97.39,Consumer Non-Durables,23.41563911668553,26.89228376788432,55.470713547796,23.701720558216604,10.69885404597991,47.2629331262739,42.29882541386745,-2765201000,34.202483424458926,10.492712332294182,10.851300489157605,29.3363323596885,10.913120845528747,26.6543464410197,46233.0000,2088117000.0000002,0,36.0401399617086,26.0488683546699,0,63.48833305355044,23.1082274280354,12.520215032714033,1.3000860961768474,Buy,7,23.4175576327726,-0.5173269590649995,366.5687878787879,31.91184176205678,11.252769937165535,0.09086259995283692,,-1.091327830388804,1203648.67218111,26.8147386549765,70.89320000000001,2.0963554051674764,90.02358984684219,79.16677537639792,2765201000,27.85873703557831,27.323833180807956,2.302428,0.5264718,30.6782177249463,0.149417459813126,27.64731945059814,94,6046691.566666657,65.39915936388698,978008000,6891,1965902000,2071739999.9999998,99.1499,-0.7237512742099834,7.157396710128179,2.018393728883687,89.08640000000008,81.36523333333339,78.38527499999994,1.9790376629095021,2.886924713027007,58.09,1.037836340321019,3569100,94.576619355564,Beverages: Non-Alcoholic,-0.5282237182806742
ALAB,NASDAQ,"Astera Labs, Inc.",70786338730.00002,412.97,Electronic Technology,96.91736942157758,93.40010787621831,75.9893713477738,33.050291780299695,115.12654873955941,278.35669991911567,136.86431353417947,-1157842000,298.35329559134124,69.54329421315622,75.51494606787791,22.3648052212605,47.3458596878615,21.1101514093811,46238.0000,167611000,26828000,532.3955669224212,18.5939282552039,0.0280130232109819,300.1259567871331,26.7239106729882,,0.5285100013146132,Buy,6,70.2077370886863,-5.041415151402934,,14.65496734547461,9.224107485003161,-0.01341925598982028,35.6585437377203,-6.423462707764685,1127678.57142857,18.8224441072601,81.72189999999999,1.8923309615416462,336.8527793996475,220.33023117960101,1188816000,206.51673717805983,161.27419967101102,3.017368,3.6718855,23.3090417437221,0.224065313512589,148.20828667413215,285.918584,6047603.833333333,55.04444633467314,171407940,756,281762000,342809000,499.4762,-4.633574653319015,23.640010778120427,40.327794709440674,325.1666,208.25696666666664,199.76364999999996,9.431654813204554,10.265486315956052,88.185,0.696083771959449,2161516,395.3618040255528,Semiconductors,-1.9331656485806668
HPE,NYSE,Hewlett Packard Enterprise Company,64276838675.99999,48.54,Electronic Technology,70.95078834209268,40.64312071692145,31.3768823559644,1.8264441143056893,14.171211919648796,45.650333866265406,14.219075707350681,18218000000,14.055683019621585,2.0617217113635196,1.8072035771187742,6.15459731716092,2.5396459982524893,6.33047865090828,46266.0000,4862000000,19152000000,9.856390122946578,0.136577651583223,0.840028467499605,131.8051575931232,3.99856092922856,4.963865620043362,4.685934733862252,Buy,5,1.0056930928705,-1.621434532654939,2.8043478260869565,3.473775789212031,13.606302532079152,0.6409773854572512,7.334906347403071,4.127322156773901,512373.13432835793,,99.6166,2.785614525139665,41.41095159178795,30.301744115712143,5859000000,94.0823670531787,119.63800904977374,3.413724,1.4382882,14.6682427917973,1.65432960893855,,68.588235,36337964.36666668,59.27867325317821,1324200000,67000,627000000,3989000000,64.25,11.58620689655172,1.4420062695924718,2.833605048426225,41.13219999999998,29.24613333333335,27.793100000000003,5.3191011150071175,6.716440546387932,19.635,0.7232864738966096,19441228,45.450450642380645,Computer Processing Hardware,-0.1628996131134154
EBAY,NASDAQ,eBay Inc.,52036798645,117.2,Retail Trade,23.687031082529476,21.25340599455041,72.1496284909044,14.908895072255632,7.777885266518332,26.609149733227383,19.18485954456584,3719000000,18.981232217797785,4.6816806426680335,4.57936715347169,21.0692629601162,11.847502825407032,42.7900021362957,46239.0000,2409000000,6311000000,5.265044691936331,18.0176927243185,1.6323662737987301,52.267117058594266,17.1064992740627,4.643443767919653,5.059532551072389,Neutral,8,6.09443775831385,4.670912951167728,9.235772357723578,17.317073170731707,-7.654741624077229,5.373120700745983,14.738353828202136,1.3882045539380365,905772.357723577,29.92878404769723,99.5088,4.612691466083151,109.00139636856093,96.7632064428501,3461000000,23.22573861844181,29.146005509641878,6.108984,1.3651236,24.6647877700914,0.993435448577681,6.653974297953362,110.28,3640005.266666708,65.57104905155018,444000000,12300,1661000000,2108000000,119.31,5.282069708947188,9.084139985107972,2.9998096261289606,110.51299999999998,97.21203333333328,94.95532499999997,2.595292645965135,2.4785537025955215,75.775,0.43373560306845155,2224721,112.11338102941207,Internet Retail,-0.3579647149066749
TIGO,NASDAQ,Millicom International Cellular S.A.,16244758968,96.96,Communications,37.252311757345765,45.10233918172037,54.5030331311268,20.329953600052654,0.25844245440065056,13.191298314354515,25.42918302979694,7869000000.08383,9.02384062266365,4.1659292219499395,2.4606292969220176,23.6117592160564,5.183480009708332,37.7740303540104,46240.0000,1602000000.01706,8849000000.09426,256.5510550569973,11.7248752673116,3.7370098820529303,159.94638069705096,19.1631668999731,6.886199037380103,0.05007617167488771,Neutral,5,1.06200397621098,1.847711373116805,2.094017093994197,11.669445106005034,-0.25502811105320383,0.02294791004642378,,2.861454545485029,388918.593775139,21.22792659972031,51.373900000000006,8.57817663035368,86.93868120290816,69.99141948472304,1602000000.01706,16.875602700096433,89.00584795321637,3.812942,0.8725596,46.1658111678866,5.63796226564981,-42.703654777631,86.057143,2167720.3333333335,65.13784585059342,167541000,14962,1183000000,1437059040,96.99,5.689993459777631,10.836762688614527,3.469524884421233,86.54399999999998,72.92299999999999,66.96269999999997,3.8358548836708644,3.115102068948094,37.94,0.6595962549365963,1112338,90.92797666036574,Wireless Telecommunications,0.9213173779519117
FROG,NASDAQ,JFrog Ltd.,10990403868,90.74,Technology Services,31.767032967032964,25.79100868414388,77.010525194796,26.750338447653426,24.120162058214014,,95.13514873647647,-692669000,,18.219229101364903,20.36741031398094,-15.329333877638,11.898096488134028,-7.14405864385505,46239.0000,76551000,6676000,25.920699873006907,-8.58139202822746,0.017799822077537,115.73941987636707,-10.9304059210877,28.664987154156552,,StrongBuy,6,7.76942189729507,-6.084469717844962,,-9.579177275137637,-4.866640772877424,-0.20596149397118768,36.76086793020457,,295466.666666667,,87.89009999999999,1.2600784009945474,77.50718653308913,59.80804729920002,705125000,104.50755014649539,50.856192851205314,0.953801,1.2016243,-11.1849274950746,0.032315464177147,57.8172900061312,86.714286,3308434.7,57.84138017366556,121120000,1800,142269000,151410000,99.22,-1.0576818231381517,9.721886336154766,5.27179571964571,76.29799999999999,60.011666666666656,58.091950000000004,6.039307302953357,8.252296458951612,34.05,0.725809094937116,1850085,87.23545749608917,Packaged Software,1.3089005235602094
SIMO,NASDAQ,Silicon Motion Technology Corporation,10952701088,326.35,Electronic Technology,106.5265227819547,106.22838962814704,48.0897819431446,0.7107958342061688,10.475904825097796,64.91039640392228,36.74915623892233,-270583982.376795,64.17153663202721,10.122673922573213,10.359921255718683,12.7665457483795,12.08718476929533,20.2270115810027,46232.0000,273170278.51258504,0,80.39827771797633,15.3091559876702,0,336.35512769086773,15.9913541302775,10.389187608540041,0.8021900617293274,StrongBuy,6,7.39091353267246,0.38559121810137303,,10.855773479924377,7.25598003624563,0.000496940741171444,29.66463307916316,-2.1948054848142267,441090.2847147,4.8779502057911435,99.87849999999999,-2.414392617053898,272.8114027254353,175.602326819145,273170278.51258504,158.10661183169887,194.9923167314472,8.880476,1.6913097,15.7743985166177,1.82220493564297,243.5727952687424,315.222222,950519.9,57.74898299693676,33561210,2009,6298720,-81886540,355,2.4582443802587095,28.915662650602417,25.87724669178516,280.6474,171.76506666666657,151.946775,7.768601329032875,8.455792622523902,70.1157,0.6448416782903671,530793,306.84401114609955,Semiconductors,-2.74471103435514
NYKAA,NSE,FSN E-Commerce Ventures Ltd.,9902358709.964838,330.1,Retail Trade,38.25226586102719,28.44220471829893,34.1632451470962,4.333514594880442,26.0701500159752,476.3347763347764,196.7105655205292,98138215.39999999,126.11452452573536,9.335949071962048,,4.20659825290476,,14.5615969276374,46252.0000,34220807.9,33702197.4,199.74048442906576,11.8144659676559,0.860797785782834,55.70754716981133,1.98995245626026,32.642925985103076,2.341060796669286,Neutral,,,,3.688353825136612,22.99398775194087,-5.1639639327056095,,,1.2199492230596427,,14.5615969276374,43.666199999999996,,287.33431192090245,259.30466337337293,34220807.9,28.204132359794933,28.44357976653697,0.017943923299999998,1.353605,7.40275484292606,,280.81805359661496,306.384615,9288018.866666667,77.91856061223561,2863824200,,46441837.599999994,,330.95,5.127388535031854,23.6098108968358,8.367872884911817,282.0572,264.1669333333334,261.79755,2.820281375693917,2.5666817019908166,200.14,1.3587103773071396,10556295,303.86956495138287,Internet Retail,1.2189476932572099
RSI,NYSE,"Rush Street Interactive, Inc.",7782415314,33.4,Consumer Services,48.03554667024246,41.139908615242746,31.5683099079027,14.477516422373213,22.762565700267185,104.44027517198249,57.23941499261372,-323792000,48.51513057142493,6.138127656389098,2.806408497354266,9.33529300971843,21.658074765749117,30.8264985276747,46232.0000,340504000,12449000,313.17829457364337,26.4758952346886,0.0984251473674949,114.10256410256409,2.98289897954091,32.43121012447898,0.3257969089591886,StrongBuy,6,6.31781057485546,-11.246991416256419,96.21350762527233,26.58063661834499,-14.37787010715067,0.02429836912710413,,-2.5238280823732984,1243890.35087719,29.4874575610965,96.5368,1.455712019755787,28.45330188958417,22.749918962357267,340504000,54.522322461253765,72.87784679089026,0.583514,1.5596001,12.651986265094,0.352295261087811,77.61506276150627,30.454545,2951146.6333333333,69.30442534056411,104107000,912,164237000,155548000,33.5218,6.369426751592357,21.278140885984023,1.2380578054219522,28.595799999999993,22.753400000000013,21.703699999999984,4.178893600628623,3.8524106300870873,14.38,0.6666925460048406,1364932,30.69689550708527,Casinos/Gaming,0.4903463070793643
INSW,NYSE,"International Seaways, Inc.",4380175659,88.48,Transportation,232.9005507172131,77.4736359968156,50.9550591444554,4.521630447929685,-11.38183274083057,8.050882157578185,6.0918279725063575,409293000,7.415667118346562,4.681880017333344,4.186529143826165,46.4462585144472,1.9961836073799235,26.8679469295055,46246.0000,116922000,547245000,69.79683275395905,12.1981099814264,0.27805129256815997,131.3807531380753,55.3935318616905,14.869998957623732,0.10817728332787531,StrongBuy,7,4.64967087158718,-0.42610490799593936,7.005418876897751,12.073936601281563,2.642580008858439,0,,0.8708824937496675,305212.45023525204,8.458766191865337,83.75729999999999,2.4463511983952806,81.59940067903277,68.057482122212,166922000,20.577814118288376,61.8733991950238,14.524376,-0.094835475,63.1349808805501,6.62872267740808,475.1673828320176,93.555556,606822,58.59300340882956,49504700,2763,38131000,121620000,92.66,9.995027349577333,8.298653610771115,4.1929560994952855,83.40979999999999,70.01946666666663,64.8331,5.199741183385227,6.87110881826086,37.93,0.8331247147109748,383505,83.34816031291868,Marine Shipping,1.2051096649795132
SONACOMS,NSE,Sona BLW Precision Forgings Ltd.,4353810594.058588,668.55,Producer Manufacturing,33.06587984572441,45.41740387395201,36.6494892974629,6.468831523900877,25.635294154814154,64.93172238301509,51.125522391495245,-84112528.08999999,37.08212985138818,9.010511372455865,9.374258791181132,17.8319881136111,6.948707304504399,11.1550998232049,46226.0000,16155198.26,20698333.169999998,3.860392394209913,10.7977148462718,0.07392491494958481,46.067292986672484,14.3876817383866,23.614321953645945,16.875329446777283,Buy,5,15.2438524560298,-0.02073528596306168,36.16262828429076,13.573552761037192,20.821496857592372,,1.44012413806977,-0.6918660901504383,69909.36692871017,7.471546406583879,71.9857,,609.0848450606322,547.5223703302846,131406276.99999999,26.427760968229958,45.93975114603796,0.139828500827,1.0066253,24.2987967750686,,16.901515151515138,646.0625,1940687.7333333334,70.5277267741791,622035000,6691,30258837.54,,682.2,0.4960541149943562,11.694929412747474,17.595844883878478,607.2900000000001,540.9753333333338,521.2647500000003,2.6636868511060823,2.628219480095381,402.3,0.9288897670921217,1238095,636.5377392758501,Auto Parts: OEM,0.8348863212821503
LASR,NASDAQ,"nLIGHT, Inc.",4064247762,72.05,Electronic Technology,92.13711138488296,55.18502748316172,31.2848680147528,4.705927371522597,31.620565304107807,,137.38359100304322,-97426000,,12.997508175115494,15.459170136936187,-5.18073577764514,9.468079234879326,-4.58850210904741,46233.0000,98699000,13431000,74.13581330057906,-10.0624103561314,0.08289825900376711,279.6101159114857,-5.08171665349862,3.2426408507578275,,StrongBuy,7,22.7313217762069,-4.525210427392327,-22.326568265682656,-9.835852376868964,-11.325155765688166,-4.785141344441491,18.35686679677037,,326662.5,,93.4596,0.3696373488953731,67.72000182897284,54.30806788482072,133633000.00000001,14.729299363057326,79.94505494505495,0.524444,2.30214,-0.116269842638946,0.147794914547728,,90.714286,1350719.2,55.17567087520129,56408700,800,12298000,22169000,86.95,7.907742998352556,14.238148089424444,6.356765389521885,70.36829999999998,58.90953333333332,52.021775000000005,8.632573024244339,13.75050995268655,17.84,1.3734544951417014,1591877,66.81637078953084,Semiconductors,-1.4991299692142825
KIRLOSENG,NSE,Kirloskar Oil Engines Limited,3796422123.435812,2491.9,Producer Manufacturing,18.944596662278048,20.72805481233848,32.3740652200166,7.9123387711482005,21.617425965231455,63.214104515474375,56.76309794988611,406174674.29999995,27.682288680075718,5.087876553941102,4.576893290402167,16.1195739260175,10.00556913374875,16.9854279831034,46246.0000,133711687.8,337612227.59999996,17.391304347826097,8.33940338082734,1.48454362892555,198.91441252324117,7.39617270981339,18.6379931685817,3.536935565702687,StrongBuy,8,,-0.1239743504897008,2.3744190049922533,17.689985977632617,-0.16622989852973166,,,2.68368176005539,,13.977636536563457,57.235800000000005,,2012.7269781773718,1512.3686880967132,168502432.6,70.083953313767,112.40197749744289,0.46942269999999997,1.3586557,18.3795372295322,,20.532741398446166,2349.833333,1187597.2,69.76626031555472,145380000,,65155656.9,,2720,6.309726962457342,33.973118279569896,120.64416255554086,1953.7499999999989,1529.9500000000005,1393.742500000001,5.308456464111705,4.990555166031838,855.8,1.490864850341775,615721,2237.7649614762163,Electrical Products,1.3196964698119433
HFCL,NSE,HFCL Limited,3486585752.2067,217.25,Electronic Technology,1507.9518877380553,127.80997102607654,23.4891206177881,-16.589719291935985,21.908907067079493,102.13916314057359,62.07142857142857,132023263.1,43.464516197923516,6.843992500584077,,12.566297656018,,6.95080212711401,46232.0000,50088150.599999994,43700152.4,72.870611183355,6.37621814217531,0.35666922251188504,162.0627261761158,6.29870667795453,2.2904699784932703,1.3850698784658044,StrongBuy,,,,2.495744856647112,11.89305073918149,13.883833018704086,,,1.6213657255416942,,,67.03089999999999,,176.94135930857334,117.73506618986556,54503290.3,170.21144278606965,223.7704918032787,0.0374255,1.5283619,15.7461605448884,,,188.5,35641966.06666667,62.93856081535776,1530600000,,-87797015.10000001,,229.5,5.7537847441951,23.381417537482957,10.442398743220718,176.22040000000015,106.53393333333332,98.64409999999997,4.403128236737804,4.9231481053373995,59.82,0.4007557610726894,16018388,204.67564442772078,Telecommunications Equipment,3.3119060927892607
CXW,NYSE,"CoreCivic, Inc.",3153552873,31.89,Commercial Services,36.34673511490668,25.8074154723337,17.9717997470569,2.440640345299482,12.720745741076628,25.792623746360402,19.807453416149066,1238704000,11.552467527647691,1.8512050195868366,1.329285307219833,10.3886391213049,2.2595899719269505,9.00818431854471,46239.0000,112446000,1311590000,61.70546691080304,4.4742309177525,1.00140153767886,43.90794223826715,5.53231870838118,3.0205326989219294,0.4100002345142107,StrongBuy,8,1.62070374409428,8.929465415388538,3.538044962959392,7.710409204765228,3.812439101331512,7.40399826491192,,3.548542715871133,161979.48868214802,8.03857034430415,96.50649999999999,0.262901959205042,25.994647531483036,21.6484270910416,112446000,57.093596059113295,61.55015197568391,1.61,0.5667758,16.0243256703079,1.38702857257918,66.39058413251962,35.4,1458497.3333333333,73.60486154088056,98888500,13651,53967000,26113000,32.6,2.6392018023817196,26.247030878859853,1.3413196565864165,24.73840000000002,21.005666666666677,20.356300000000033,4.62253422899134,7.996680535478747,15.735,1.42305781468944,753545,29.058268820842382,Miscellaneous Commercial Services,-0.2557544757033307
CUPID,NSE,Cupid Limited,2986943368.64456,212.24,Consumer Non-Durables,115.0607290603551,112.39000881699945,48.2573534674014,10.904092938166464,97.8498667851045,267.77693666414336,,-13908064.309999999,238.26306390831664,77.73412656170889,,31.193110149932,,27.2973163491817,,19936617.314999998,1709703.7699999998,163.67265469061877,26.5925465745419,0.12506161189585402,869.3980085868275,30.2574608172905,20.594728371815908,1.6188618193903361,NoRating,,,,39.74655362804118,27.058224270158114,6.234633264416129,,,-1.114506223881505,,27.2972406869575,32.074999999999996,,158.61961746452948,102.8208450152263,19936617.314999998,127.9699248120301,165.86496304647378,,0.5355559,32.6253365866314,,209.5238095238095,,33249699.266666666,71.04755167517075,1344660000,,4170793.957,,226,10.541666666666671,44.38095238095239,11.594047789904806,151.94500000000005,108.26726666666669,94.00806999999999,6.118624364444689,11.975663586503403,23.802,4.755868494665949,101356189,186.27357089513347,Household/Personal Care,3.8045807342507545
WT,NYSE,"WisdomTree, Inc.",2939531084.0000005,19.22,Miscellaneous,51.38865571411441,47.54538220980366,78.1830755712742,29.920020739114495,15.433782908656488,47.27004426955238,16.713043478260868,644855000,16.510371286384977,6.451008241904389,5.027652112022398,37.7900396411204,6.167926780740151,13.6195066743465,46227.0000,311732000,805369000,20.724465558194783,10.171521073561,2.5318682660446603,52.782193958664536,11.1257454493425,14.589421642793399,2.356831478315529,Buy,,2.25558579636953,3.6885189798907683,5.88060486522025,,18.038588157072834,3.9115422397077797,,3.500974521290168,1371536.1111111098,22.367238025591277,87.16970000000002,1.1544581718053695,17.962306007964212,15.666556117962498,311732000,20.880503144654078,46.38233054074636,1.15,1.1794895,39.072460152511,0.0259628274337886,-199.82132221560454,20.642857,3364286.033333333,59.076948159831325,152941000,360,147731000,159321000,20.18,7.494407158836689,14.133016627078378,0.7969286251531899,18.353399999999983,16.069799999999987,15.144199999999998,4.237945319234929,5.167896813605054,10.69,1.0333798126169587,3604604,18.288350821741652,Investment Trusts/Mutual Funds,0
SYRMA,NSE,Syrma SGS Technology Limited,2932218516.6644497,1451.9,Electronic Technology,66.86164216854633,58.489161701975746,19.3054494663792,1.7711964099215223,27.26306424263295,86.23218962885534,66.4637034203607,-43637491.419999994,50.842367328544185,5.648645512496225,,9.36477432627407,,13.780118261497,46238.0000,31950149.349999998,8308888.72,76.73962105705137,13.2504233272164,0.139715490387075,123.3692307692308,6.59423343851985,61.82949750823374,1.1152623450149184,Buy,,,,9.54003315375052,17.239291484673238,14.050901498039774,,,-0.7494687894275782,,,39.8037,,1223.623403125371,943.6566275944575,86397942.97999999,69.21911421911423,97.8065395095368,0.233588649158,0.7945813,11.1101150660326,,43.66174189862053,1302.173913,1476124.7666666666,68.17019879824299,192830490,,9127010.15,,1517.7,3.1252219617870587,14.503154574132498,56.160412904806606,1200.6639999999998,927.5566666666666,901.1600000000002,4.0784030889156,3.888629661298367,634.5,0.984538858954091,1261866,1350.0012121425339,Electronic Production Equipment,0.6245662734212353
AMBQ,NYSE,"Ambiq Micro, Inc.",2033538924,85.28,Electronic Technology,60.42126970098689,59.2931604373252,42.2753598396911,-29.006812477590532,-4.670882248544047,,,-139597000,,22.374171256811906,21.330416398181846,-51.8914493780699,7.745875693591033,-24.4572565626674,46268.0000,140275000,278000,8.980647462766434,-29.3073652227733,0.00911298313056273,124.42105263157895,-46.8561374355465,,,Buy,,12.1846188767505,-0.44784659523949816,,-31.89231508612003,-5.050898852068441,-9.343170064641457,46.45447775601953,,358980.19801980205,,76.78549999999998,-1.6709358937386558,72.41089567379757,47.729155416927775,140275000,192.154847550531,162.4,-1.115971,5.40891,-43.3457149141028,0.50734557754783,-9.773277569887737,73,722939.5333333333,55.13960801718403,23845438,202,-21034000,-34081000,91.61,-2.8701594533029566,13.858477970627495,6.764546735718056,73.10260000000001,44.4044,40.475,7.973618531088676,8.346728502994058,22.12,0.6387946655833605,439640,81.99529169269367,Semiconductors,-2.021264166374581
LINC,NASDAQ,Lincoln Educational Services Corporation,1720532335.9999998,54.24,Commercial Services,22.066564902920238,22.510339897537147,60.2760826301837,-5.295412751982186,17.764916012216407,75.89198265006297,69.09554140127389,175345000,33.036909625428,3.507289139550424,3.1453208064006786,6.08160207970743,8.646966547207592,11.9004375902795,46244.0000,28519000,192767000,84.62929475587704,5.41376831897865,1.03883758826725,135.41666666666669,4.11406813391788,12.073948208292084,0.9040324133370166,StrongBuy,6,4.28834330926465,-0.5122106727216814,8.81143193871538,8.09584203551981,9.531717643623622,0,,3.455959161952815,200093.05019304997,10.5822961645923,93.0839,-0.2926405700047214,47.916472884260855,36.383504180092956,28519000,35.22812266267764,119.59514170040488,0.785,0.7930137,10.6162748856234,2.59728479723462,122.0447284345048,58.166667,519062.9,63.69191720144634,31720700,2590,-27443000,-9169000,56.34,2.9808239984811093,16.99741156169112,2.4296380102713866,48.23519999999999,37.136833333333364,33.174925,4.936074275553156,5.9087651961942935,17.29,0.9734181343834771,276185,50.979437444133424,Miscellaneous Commercial Services,-0.36576444769568917
AZAD,NSE,Azad Engineering Limited,1677271370.313344,2479.5,Producer Manufacturing,25.35853719453683,27.270220443407972,59.1213566068245,-116.93403540776981,32.88470947068702,120.45471106900824,89.83695652173913,30981042.759999998,70.87713871291993,26.48458187292032,,28.6033417637547,,9.09785786235137,46246.0000,19738315.63,31650531.49,40.536351905838,7.80009286593552,0.310238485497397,53.729307458614905,22.0491728512791,37.92724755391683,2.9674485391338803,Buy,,,,5.596255556637139,9.777392285332438,16.291779884202214,,,1.2859089355696298,,9.09279403070051,44.639900000000004,,2088.4244041234106,1823.8261937157085,19738315.63,47.589285714285715,56.435331230283914,0.2951268,2.05043,37.3668891745097,,34.21686746987952,2177.5,614529.9,72.00677156587939,64581740,,-75394525.19,,2520,18.97792706333973,9.66871599805387,107.14156480214443,2127.042,1792.2813333333327,1756.6015000000004,4.6650281959282,6.412927678770868,1360,2.734306593095489,923538,2183.633614291002,Metal Fabrication,1.7729493962279428
HONASA,NSE,Honasa Consumer Limited,1610170220.623978,472.1,Retail Trade,19.788638699547896,23.150910862883276,57.2957454654001,7.2327422654897155,15.72331973357833,77.10398667298176,61.81382529509195,-35346032.29,62.392080911119315,6.1599588366466635,,8.01666595594709,,15.429747939755,46241.0000,22852972.669999998,10741653.149999999,174.82831365860224,14.2719431706205,0.09586415573303719,55.14295103516267,8.3591073696603,39.05943190642329,0.44055979497914266,Buy,,,,14.595372202770589,13.577710502343566,3.6649567453956857,,,-1.3997230644150478,,15.429747939755,39.3814,,408.08213434156403,339.248197641216,49818580.07,41.36846833358288,60.223994569828626,0.08166725285,0.6873752,9.87298186996173,,175.96979953137208,472.4,2085903.2666666666,74.20815628578511,326024230,,18499210.79,,478.8,0.45749547824237347,14.587378640776704,15.346598144818511,401.2850000000004,328.7143333333329,318.17775000000006,3.775411260142014,2.98013899777318,248.4,0.4157449757661324,1069474,442.69492106721844,Specialty Stores,0.7209499575911741
DIACABS,NSE,Diamond Power Infrastructure Limited,1264723152.96912,229.01,Producer Manufacturing,204.43786590548618,108.46267153932361,17.0583656234921,-10.47308882215831,71.2493315133462,76.30614420898307,34.698484848484846,260131316.329,63.549363572242726,7.440121476850933,,10.0996067173582,,,,11096778.373,266552313.12699997,358.4784601283227,23.6538273885076,,45.08077288565094,8.28066206513254,,0.222332613021441,StrongBuy,,,,4.950091861766004,11.913106383880068,17.459394341517985,,,10.878456524636025,,,15.969900000000015,,196.3408829989611,160.82189320552453,11096778.373,69.88872403560829,64.16487455197132,0.07057379999999999,1.3326504,11.7076254719578,,690.9215955983493,300,6590942.333333333,62.2375129373048,526971070.00000006,,-21390993.630999997,,251.8,8.2840796255142,11.71764476315917,12.54756876545946,196.67139999999995,156.31193333333314,154.44750000000005,4.967120699968307,6.813968496665686,115.57,2.371053969973203,10671394,212.69749793055053,Electrical Products,1.1705685618729145
AVALON,NSE,Avalon Technologies Limited,1237668893.661044,1768.1,Electronic Technology,36.568507451940384,39.99684935543063,14.7223842241011,-0.4300760040044786,45.994364955633586,104.93175074183975,71.06262192096804,7469274.359999999,67.17216578964216,7.262339294403689,,8.71579118079098,,16.9429335189447,46240.0000,7629455.5,3050071.32,77.2042739357227,16.046372034708,0.29502774679405,105.3303913598885,7.04501295841767,18.35012560191651,1.328780543644495,Neutral,,,,9.311741969878714,19.411117925750375,10.337916820231667,,,0.40299773266178585,,16.9429335189447,45.296099999999996,,1549.1660230239609,1187.2797478046348,15298582.03,66.08115724215668,85.81262151226946,0.266051164296,1.1294612,10.8115306526614,,67.3206889034227,1344.466667,380480.3333333333,60.006599369779316,66787700,,-737282.35,,1853,-1.7558481969217168,7.817549850600635,88.61505693646431,1534.9110000000007,1142.603333333334,1126.9717500000002,4.852717497075871,6.33954650237585,777.3,0.7877889126308484,219213,1700.276275143883,Electronic Production Equipment,0.9950248756218933
EVC,NYSE,Entravision Communications Corporation,1082380822.0000002,11.76,Consumer Services,143.4381443298969,114.44622268674264,22.1027511515901,0.7124760385527956,22.645966000635706,,,149633000,31.945685921428016,2.2082828044883978,2.1073390333517867,4.76756514218927,16.661471763339094,-22.7475696109509,46233.0000,60236000,183894000,81.65550070521861,-25.519559255552,3.23431799639795,368.52589641434264,-3.30424052946008,5.4043654424903,,NoRating,5,-0.271225751975112,-1.1917637651649005,0.03584419019906091,0.14619212666387948,-19.93381783249781,0,,11.61386215461037,436677.073170732,,72.18580000000001,0.40679243279993427,9.395372528602373,5.486057271786505,63998000,265.21739130434776,280.58252427184465,,1.7152995,6.91261665164986,0.0843080765426068,,,2142959.2,57.791775658064665,82686500,1025,3189000,39223000,13.74,-10.773899848254931,27.54880694143166,0.8174332960130226,9.228299999999994,5.161433333333337,4.469625000000001,7.5426411360453125,8.445782633001874,1.95,0.49969254292356013,926206,11.282686456654503,Broadcasting,-0.6622516556291397
PARAS,NSE,Paras Defence & Space Technologies Ltd.,1057434650.371866,1253.1,Electronic Technology,42.80936454849498,58.28328559549109,36.1709717355268,-1.9556413538409887,30.688430795489076,114.5838095847697,91.13454545454545,-9879262.7,81.34035335725864,20.559957541211944,,21.7197893279057,,12.904843696123,46244.0000,12772788.5,72712.4,36.73885318462577,12.8863463017612,0.0373014997794442,46.561403508771924,18.4862664456428,27.16218463519877,3.0285247885847557,Sell,,,,22.57296137339056,14.901888228896631,8.712553125323936,,,-0.7564270509251677,,,43.9458,,1067.3192832474983,821.6884058060898,12772788.5,84.30651566406824,82.48143294014851,0.14702874999999999,1.8224751,25.2764546656315,,74.49938700449528,783,5558706.633333334,55.66295274749541,80587330,,-996587.6,,1443,-6.749516297068019,19.91387559808612,79.14385378323747,1013.68,788.4883333333329,769.637,7.428414792043579,7.19319557581985,580.5,0.847222611461655,3216173,1217.8891010694808,Aerospace & Defense,0.5013149243918588
SKYGOLD,NSE,Sky Gold and Diamonds Limited,1012688711.68933,623.85,Consumer Durables,117.84622208383911,80.6419979005359,7.33821762548268,-3.2205440135952883,77.41973015030695,34.79927037836572,25.541453428863868,67757948.152,23.250343815757283,1.6042748457505467,,6.69616002155654,,29.2539926296779,46244.0000,25175759.595,6700886.073,91.75214726551218,27.7899903879317,0.725157773155923,96.36449480642116,4.37378469818099,51.239481830356695,0.3789403475100296,Buy,,,,5.345908535757905,42.237590517450215,23.76333790532501,,,1.458892035113804,,29.2539926296779,48.2603,,507.25930713959156,408.43810266859765,25175759.595,62.16532362880167,86.22388059701494,0.261176525,0.5831671,6.90000482772772,,111.67315175097279,637.75,1639842.5333333334,73.55378534766129,154874000,,-21677876.128,,638,9.447368421052635,20.202312138728328,29.204047278421378,509.3209999999999,400.34199999999987,382.50825000000003,4.835603016424612,5.998710336113758,246.05,1.1804417564590757,1634120,548.8367963646836,Other Consumer Specialties,0.11230547088080307
BAJAJCON,NSE,Bajaj Consumer Care Limited,918227205.273456,670.25,Consumer Non-Durables,60.196370803485145,30.4071274246322,47.1275336919795,16.08433456676982,22.38100877062562,47.35778533021501,38.49246231155779,-41732544.162999995,37.13886849072857,7.044435599407158,,17.6499643603311,,25.3089140459609,46216.0000,4188309.0909999995,1230561.133,57.65383415764382,25.0882778085403,0.0209241082687136,178.55124262322335,16.3285663236982,5.127948931164239,0.7886942271933323,StrongBuy,,,,127.58906405163856,26.93428682048154,0.8184270080912662,,,-1.7666018772338323,,25.3089140459609,55.115700000000004,,562.4390794361977,412.8425397866346,43421749.452,70.11421319796955,140.23297491039426,0.1861918625,0.7805559,18.9678250460585,,110.10261854210897,574.25,724877.9333333333,72.89635752687744,131128999.99999999,,20031881.252,,679.85,8.10483870967742,14.709909293171323,25.018598243776676,566.563,414.38400000000007,376.86530000000016,4.118607422474579,3.9363709272622924,220.1,0.9717809448717585,2128143,607.7800938105651,Household/Personal Care,0.8002486209307889
MAMA,NASDAQ,"Mama's Creations, Inc.",779940007.0000001,19.05,Consumer Non-Durables,35.31141114982578,49.66955041838037,24.462412471925,5.687946236183421,39.23358847950182,129.2401628222524,79.375,-5486000,46.322112910996026,4.065134136609856,4.1575339410754415,5.01942132382085,14.00477853335784,14.9290953545232,46280.0000,19951000,11494000,32.553956834532386,11.2287708043462,0.247407969365269,115.7417893544734,3.22684634694147,33.32674567867344,3.784552876001707,StrongBuy,6,13.7912929881112,-8.141823598255133,17.822033898305087,16.3024835511972,13.84960815216218,-2.4328794304303454,0.1677207449596422,-0.37304501563987486,295549.053356282,13.6384746374942,98.06960000000001,0.21084462500865633,16.519856719736396,14.029270128289928,19951000,21.8809980806142,49.29467084639499,0.24,0.5641408,8.77579601004096,0.0298238729484546,51.27388535031848,22,795993.6333333333,61.183980272891226,40941700,581,9767000,9134000,21,5.190502484815027,37.346791636625824,1.043453748915833,15.733200000000005,15.069966666666671,13.975475000000003,5.725395610173403,5.797021549033165,7.88,1.7092059633238403,557957,17.787086077430423,Food: Meat/Fish/Dairy,-0.8810572687224677
MBAPL,NSE,Madhya Bharat Agro Products Ltd.,602539233.834616,131.25,Process Industries,13.48447145159492,32.99472083927469,22.5689687245227,-46.70478629821556,72.86699205042238,38.289865219674425,,88868207.76099999,28.471920488829646,3.4543864841286567,3.0472625123575208,10.1537493459358,10.461201495892036,31.4996931983581,,8329.847,43347850.129,161.3050769934441,20.7939282367562,1.55704843154334,64.00099962514057,8.04412879985932,55.58759825615165,0.2348434450839026,NoRating,4,4.22663759048386,0,-14.78331576476149,-57.849745826619426,40.61659178698651,,0,,126801.64630754001,30.580765745897445,14.2118,,112.0971334978569,96.1471061777046,2654130.9159999997,19.753649635036503,55.97147950089125,,0.3204032,12.1326079337848,,319.2745158315401,,1136371.6333333333,68.01068764074539,438135000,1008,-59696217.43399999,,133.4,8.921161825726141,18.243243243243242,6.302601881073583,111.95099999999985,97.16553333333334,93.64769999999999,5.140507422747651,8.301965870152573,74.63,1.6318873185389904,963992,117.48327751884226,Chemicals: Agricultural,0.8856372737774398
RPTECH,NSE,Rashi Peripherals Limited,541142271.112326,783.05,Distribution Services,43.35422892279117,50.9960399223187,4.10816424771901,0.1746219215525644,14.91791062819558,18.861948028173085,,97244280.6,12.998570272641972,0.3767435507147744,,2.76241037895383,,14.7366560096667,,8683892.229999999,2345830.34,31.48912988395074,14.6300403966988,0.48919928592768896,153.74270900842512,1.75378207970172,21.71474549496577,0.596091872833723,NoRating,,,,4.105555242548876,22.900534255185416,4.641583075972358,,,1.9824647070620758,,,29.2051,,630.2930887540292,460.5589051178533,8683892.229999999,100.78205128205127,106.0929069614423,,1.5668801,2.89834607047288,,60.50271145493332,,2305091.8,67.71609800604429,65899666,,2955331.34,,812.85,-1.4783593356819327,39.95531724754244,38.44902860722943,609.2810000000005,448.66900000000004,418.653,6.349604920269935,4.222198720366238,275.6,0.4253055288220802,493169,720.9107596875048,Electronics Distributors,0.3529034327879371
SOTL,NSE,Savita Oil Technologies Limited,435982442.994124,607.45,Process Industries,38.43352733574814,21.741552105830404,15.0890728149631,2.0934094096892486,15.238426006577857,22.95512517713746,,-32193115.696,17.439024646996295,0.8669228228796702,,4.35944204294443,,10.4614887893388,,14420697.422999999,102513.791,62.03547788602255,10.4586217765109,0.00098109056210825,38.10389905649654,4.16786781141941,17.03697808715361,0.3544073448374334,NoRating,,,,11.37368593955322,12.540709072207262,3.4759543409862292,,,-1.2126789712010737,,,30.642500000000002,,502.60307472761133,426.35593660876077,32383515.253999997,78.66176470588236,65.51771117166213,,1.5040288,4.97116576430201,,62.20657276995306,,913956.6,64.22004177733186,68560400,,9765564.031,,639.15,16.593090211132445,6.336980306345741,36.19380261230008,493.09100000000007,402.48166666666674,400.31300000000056,6.50265537705918,9.00037994042636,285.8,1.2151921694675158,717523,548.9539480613206,Chemicals: Specialty,0.20625644551393016
IDEAFORGE,NSE,Ideaforge Technology Limited,406893943.639898,900.75,Electronic Technology,,594.4510093549975,13.1009291156818,-66.5398869596752,40.314493509072406,,87.02898550724638,-4137977.1399999997,781.2767792554529,16.660033120784124,16.637761252768353,-16.9168925701701,6.5071883571500395,-2.82102045260528,46245.0000,3529866.23,550261.7799999999,71.30107155202214,-2.78494861934157,0.139741453854655,52.54022015241321,-7.53331063242662,45.463673456386665,,StrongBuy,4,5.33816344434117,-0.45485866693284516,-7.107843137254902,-5.952840942021986,4.278672354604074,,,-6.344974585997704,,,59.2186,,797.1731724300464,612.7900907199523,13089194.37,108.50694444444444,87.65625,0.11067255,1.8551598,2.13241114585038,,,1031,304784.06666666665,58.62826737143096,43396290,,-16088260.079999998,,992.25,4.994754633407159,-7.710040983606557,46.14671214837813,833.2500000000001,571.5993333333339,550.6247499999997,5.3097309102395425,4.5180694693812224,366,0.1785804759913929,376746,855.4652481128908,Aerospace & Defense,0.3730038466021734
ADFFOODS,NSE,ADF Foods Limited,368713567.49513,319.9,Consumer Non-Durables,29.13967756851378,23.673315178169545,49.672270768467,-3.553699279468444,22.440389690753797,39.076528430953395,25.38888888888889,-3404661.8929999997,26.15178934548987,5.001198136456636,,16.0309599217952,,16.8936760471577,46226.0000,7740748.244,5353332.827,28.655843849695906,15.4296790380157,0.0962840803149485,21.013807452241327,13.1615819347961,13.549795712672651,1.3536321133354905,Neutral,,,,40.54062257097383,18.27620770433847,5.852047918562777,,,-0.2436877867187512,,14.418412157464257,24.5753,,283.46155557844565,243.1875353921571,9293040.361,73.38753387533875,56.81372549019607,0.13473179999999998,0.78860956,19.1237321102051,,57.69076573566751,266,790821.4666666667,62.60128000837334,109864000,,-2596260.4,,346.95,0.3450439146800395,11.87270501835985,14.965701381264536,285.7681999999999,229.25233333333304,225.90034999999966,5.13471808406995,4.217101726038478,153.1,0.4561887008521973,187400,304.65128068330955,Food: Specialty/Candy,1.3698630136986194