Symbol,Exchange,Description,Market capitalization,Price,Sector,"Gross profit growth %, Quarterly YoY","Revenue growth %, Quarterly YoY","Gross margin %, Trailing 12 months","Free cash flow margin %, Annual","Revenue growth %, Annual YoY",Price to earnings ratio,"Forward non-GAAP price to earnings, Annual","Net debt, Annual","Enterprise value to EBITDA ratio, Trailing 12 months","Enterprise value to revenue ratio, Trailing 12 months",Price to sales ratio,"Operating margin %, Trailing 12 months",Price to book ratio,"Return on equity %, Trailing 12 months",Upcoming earnings date,"Cash and equivalents, Annual","Long term debt, Annual","Earnings per share diluted growth %, TTM YoY","Return on invested capital %, Annual","Debt to equity ratio, Quarterly",Performance % 1 year,"Net margin %, Trailing 12 months","Revenue growth %, 5 year CAGR","Price to earning to growth, Trailing 12 months",Analyst Rating,"Piotroski F-score, Trailing 12 months","Altman Z-score, Trailing 12 months","Shares buyback ratio %, Annual","Interest coverage, Annual","Return on capital employed %, Annual","Sloan ratio %, Annual",Buyback yield %,"Research and development ratio, Annual","Net debt to EBITDA ratio, Annual","Revenue per employee, Annual","Sustainable growth rate, Annual",Free float %,"Free cash flow per share, Trailing 12 months","Exponential moving average, 50, 1 day","Exponential moving average, 200, 1 day","Cash and short-term investments, Annual","Performance %, 3 months","Performance %, 6 months","Earnings per share estimate, Annual","Beta, 5 years","EBITDA margin %, Trailing 12 months","Capital expenditures per share, Trailing 12 months","Earnings per share diluted growth %, Quarterly YoY","Target price, 1 year","Average volume, 30 days","Relative strength index, 14, 1 day",Total common shares outstanding,"Number of employees, Annual","Free cash flow, Annual","Free cash flow, Trailing 12 months","High, 52 weeks","Performance %, 1 week","Performance %, 1 month","Average true range, 14, 1 day","Simple moving average, 50, 1 day","Simple moving average, 150, 1 day","Simple moving average, 200, 1 day","Volatility, 1 month","Volatility, 1 week","Low, 52 weeks","Relative volume, 1 week",Volume,"Exponential moving average, 21, 1 day",Industry,Gap
UMAC,AMEX,"Unusual Machines, Inc.",1162837555.277317,23.277,Electronic Technology,639.8156018840284,687.3212427670825,34.0061493973973,-207.5127216483081,101.23225640794355,,,-139846251,,26.674661672702182,34.58349473683155,-93.5187883201197,2.996690084543815,-2.94215750942946,46338.0000,103261397,2173626,95.57190873905071,-19.9732313399635,0.00813320277762487,115.92764378478667,-20.2916927815488,,,StrongBuy,3,71.4594496902512,-149.70153454386843,-48462.54335260115,-24.327367355399115,20.50957394380293,-27.471553318022714,1.8089211058237373,,79427.0709219858,,92.18180000000001,-1.2625938823604534,23.632133359124715,18.77313186842639,142476306,-6.891999999999996,18.94225855901891,-0.27,14.724455,-92.7645824649085,0.106330998215181,49.953110346983436,39,4239500.9,47.08688387392792,49956505,141,-23239800,-61376080,34.9264,-3.0124999999999957,-26.87087653157398,2.1047515905715355,23.175140000000003,19.360046666666666,17.774934999999992,8.155205808675449,7.651527288940394,7.245,0.15121961833535902,1022897,24.270755137686926,Electronic Equipment/Instruments,1.0591350397175572
ECO,NYSE,Okeanis Eco Tankers Corp.,3157449244.371919,82.3351,Transportation,462.9171391591095,239.39574676290653,65.8676705297593,17.506394266317628,-0.42748842124872816,7.677719859379517,4.738405624408995,487063913.005189,7.485520915895195,5.150024417753205,4.405895130144054,62.341887032832,3.6634783223883702,61.5919910455297,46337.0000,118035984.001257,470583980.005013,413.8920835729346,11.9773971457313,0.8233436695324561,171.5537598944591,56.9219820301613,6.718498018974217,0.017960871868777067,Buy,7,3.60769973699457,-10.06220144381698,3.6737975890610177,15.83220262063209,4.611670892758466,-7.53290753637526,,2.387904848767841,27967772.7860201,10.958710421370032,51.2263,1.144639644017856,64.1736375330433,51.625842501663655,118035984.001257,57.368310397553515,78.98934782608696,17.376119,-0.43736607,68.799813341211,8.18187577900396,606.3465453239133,71.092525,609981.1666666666,81.56364248553018,39044655,14,68546080,44692060,83.27,13.175395189003433,38.518001345895016,2.776282546248658,62.556902000000015,54.65990066666663,50.22577549999998,3.2397199175459424,5.0930735369482765,27.74,0.7559257775414553,763917,69.94667519305753,Marine Shipping,-0.02508780732563475
INSW,NYSE,"International Seaways, Inc.",5366717365.406746,108.35,Transportation,351.7202697905573,140.09793448203598,59.5329951495586,4.521630447929685,-11.38183274083057,6.919122577349213,6.785804985296378,409293000,6.495245420872394,4.454312530246179,4.189787855396659,55.6529596108849,2.3685431240985433,37.4116050605098,46336.0000,116922000,547245000,225.71030408918836,12.1981099814264,0.28815429064575404,124.46654236585869,61.8606353609804,14.869998957623732,0.02994474052173309,StrongBuy,6,4.82014376249186,-0.42610490799593936,7.005418876897751,12.073936601281563,2.642580008858439,0,,0.8708824937496675,305212.45023525204,8.458766191865337,83.77579999999999,5.401727902275211,95.8380561400373,78.55861091504381,166922000,32.78186274509804,58.66159027676085,15.967155,-0.10046752,68.5780481201264,7.29576344131527,374.7512038523274,99.777778,586964.2333333333,69.2074134406497,49531300,2763,38131000,269317000,109.8,2.516794398713215,13.301265293317996,3.6281945657745447,95.07659999999998,83.07199999999995,75.60474999999998,3.090261435524256,3.807435063126709,42.26,0.5453715222266351,461807,101.0645487877467,Marine Shipping,-0.037792894935757985
DHT,NYSE,"DHT Holdings, Inc.",3566144012.2840633,22.1176,Transportation,343.19065321295807,122.6017975771786,59.4712442500962,-6.695937425205703,-12.439881303547686,7.5242728355162445,5.979491255532035,355340000,7.447133742253966,5.316275879460504,4.946147330466106,56.6595032304697,2.682143619395021,39.1763532556201,46330.0000,79034000,393880000,148.6465911013365,14.5638241870753,0.32702160368475,73.88050314465407,65.5970899463573,-6.372120341597887,0.05069268701278432,Buy,6,4.71049006651692,-0.5102432566879093,11.987790246312372,11.693158791313378,6.674822467838966,0,,1.286415060186442,674622.795115332,8.490729136723289,88.9481,0.2248089241962216,19.425856576214205,17.113344559687786,79034000,20.531880108991814,28.815375655212563,3.69891,-0.115324035,71.3868726339198,2.57885364935314,252.40687679083095,21.955556,3461328.5,73.4446654107102,161236000,737,-33292000,36254000,22.815,5.021842355175693,14.067044868488905,0.706506920744466,19.042951999999996,18.198250666666645,16.913888000000014,3.2512951802355063,3.9641040442671502,10.83,0.4710999956415003,3263103,20.428064156231258,Marine Shipping,1.1286681715575622
FRO,NYSE,Frontline Plc,11495044201.214302,51.6346,Transportation,324.0346965791124,96.48910487276,51.527092108084,34.26837951699994,-4.174288812160925,7.732740288136101,5.153719470201319,2814331000,8.26549681957602,5.012376018146486,4.142962414393925,49.135816748947,3.6432642658873235,53.8422866862181,46356.0000,251347000,2747225000,524.5230078563412,6.96600041033655,0.771704039427602,116.49727463312367,54.758975386617,10.274129401150311,0.014424189059465763,Buy,7,3.37848479445226,0,2.5081786515450957,10.704207753070426,-5.706974053062528,0,,3.0893207038080677,22999388.2352941,7.09160315327278,64.3042,3.0947985766189565,42.585920857867976,35.33049288483095,253414000,29.57239648682559,63.297280202403535,10.0189,0.06348601,60.6421625651729,2.98260885474359,750.1004880849842,46.93256,2466748.2333333334,79.94382257278546,222623000,85,669929000,688973000,52.9383,9.74410201912859,26.74177712322041,1.599093470966315,41.416492,37.60376399999998,34.315022999999975,3.066806680713687,3.7615347723829515,20.47,0.6967605881180016,3601216,45.715994563817205,Marine Shipping,1.3657957244655536
LPG,NYSE,Dorian LPG Ltd.,2427275425.2007947,56.735,Transportation,293.5735939483207,123.10944266519084,60.4981674109806,23.680255008459387,36.27362613949119,7.528230033305468,6.716632683950319,381709114,7.275425519006797,4.667542841953099,4.04398068458193,52.0196533903233,1.962990527061313,28.34202271141,46330.0000,327409120,562291975,555.6725247955454,11.4915219547571,0.522626703958592,77.68556216724085,55.0030051738041,8.792934207829406,0.01322439612102379,Buy,6,2.85664537597507,-0.08178447879792321,7.093482947294659,12.299958230573932,4.255123679043519,0.2137969159215093,,1.367045366557461,799852.561461794,17.7260268034384,85.9289,3.423209468806784,48.10411394622266,39.46375873103551,327409120,37.63949539058709,75.0539956803456,8.446941,0.76159495,64.1549120358569,2.12884123957963,1263.716814159292,54.125,555362.4666666667,72.38424656880542,42782700,602,114023090,146279050,56.9,3.455506929248716,22.989377845220023,1.8366352597816566,46.99749999999998,40.59056666666668,37.105825,3.209185550627037,3.4547189726344216,23.76,0.3366047071709809,313856,51.88973501080191,Marine Shipping,-0.6861682918020992
SBLK,NASDAQ,Star Bulk Carriers Corp.,3507379051.481025,31.32,Transportation,283.2712186223291,44.46258811430815,35.3551315247988,20.3307629069843,-17.618838396096113,12.252562397308505,6.845576942033569,727450000.0077491,8.009582730111182,3.3086230327011403,2.859653082966782,27.8357114060106,1.418062090473448,11.6807591106167,46344.0000,500319000.00533,971794000.010352,141.81250591240186,2.36883885274581,0.412243485730648,62.785862785862804,23.8697262272266,8.539234992059242,0.08504801130684927,StrongBuy,9,1.99186584788959,3.5752792618271,1.890905424460065,3.9575007941555267,-8.223005031030711,2.1636918511320435,,2.354725311744167,3545914.96602517,2.009667859151901,74.0622,2.5974041220636717,29.28577467260771,25.443826274844557,501836000.005346,17.435320584926878,40.134228187919454,4.575217,0.71825016,41.3083071139614,1.52265289637811,432900,35.3,1560053.3333333333,58.01623738857324,111985000,294,211948000,289832300,32.88,-0.09569377990430984,8.223911541119554,0.9203742799039779,28.84320000000002,26.36713333333331,24.863200000000017,2.6533254433836064,2.8816362425828976,16.72,0.4141554109964887,865544,30.608863948246146,Marine Shipping,-0.9082062925721621
SMCI,NASDAQ,"Super Micro Computer, Inc.",23677033847.84322,36.04,Electronic Technology,257.0343428254261,93.1552702482286,10.8216040970869,-17.84776425161851,77.78535103837868,10.962404185424019,8.308246072544081,1668303000,10.337054211895687,0.7570259412225239,0.6630747510078056,7.09234030544244,2.3089420893747663,21.2589826017768,46329.0000,7568474000,7179487000,98.09592672933236,13.5337730876775,0.639519161360527,-20.318372761441516,5.65477799595485,61.48277410083174,0.11392242102182486,Neutral,3,3.4244265547797,-10.560695597143422,14.238726654126449,15.981723346116178,30.643605477699943,-24.00578145272091,1.9743250095640201,0.583169186574304,5580438.85714286,21.2589826017768,87.13680000000001,-9.88918455434815,34.85276087357842,34.059603409653995,7591584000,21.081807492020825,20.13333333333333,4.337859,1.9951748,7.32342044168979,0.229785489665972,445.48655569782323,41.333333,48333136.166666664,48.92970238424289,656965000,7000,-6971885000,-6971885000,58.78,-9.139039455439304,-7.967313585291108,2.346996444537726,32.89220000000001,31.529799999999994,31.524599999999953,5.385307677041593,5.901080320732401,19.48,0.24093343220632352,15188486,36.99628680401108,Computer Processing Hardware,0
ASC,NYSE,Ardmore Shipping Corporation,760661846.7093334,18.62,Transportation,235.40245154451273,61.30527718485449,35.2676995595766,-12.595221746042922,-23.55612838287174,7.213699054703239,6.428077511153337,82025000.00087391,5.027940046473706,2.029683036293216,2.0855666859313176,28.4835698343089,1.0866317450535496,16.2340059923179,46337.0000,46845000.000498995,128272000.00136699,150.52897214403572,5.39843665750759,0.049970143624878095,48.2484076433121,29.6668893197105,7.107588617972493,0.04825691109785566,StrongBuy,7,7.53919735260292,-0.6827323234270597,7.71973167530826,6.563011616002718,9.908409025213116,4.067482795925758,,0.9472802864172988,311130.391176923,4.036735591889778,84.50739999999999,0.369277238696283,17.42493105723268,15.698749876226028,46845000.000498995,10.965435041716328,30.758426966292138,2.896667,0.024546694,40.3680835000552,2.74360215677223,570.5855651384477,21,582786.9333333333,61.283041026564995,40851900,997,-39070000,15127270,20.025,1.5267175572519147,7.073030477285799,0.616532776780082,17.118399999999998,16.517666666666678,15.310750000000002,3.149616236519615,3.3124680353177274,10.31,0.2828977370065152,383595,17.982616497026903,Marine Shipping,0
VNOM,NASDAQ,"Viper Energy, Inc.",16508596852.413979,45.96,Miscellaneous,195.77464788732394,129.26829268292684,51.7013712544439,78.23179791976226,57.689532039326316,359.9060297572435,17.83342510019661,2173000000,13.129059501075874,11.862161936218374,4.392199654647028,48.8572879634332,1.7469605888579949,1.34831460674157,46335.0000,13000000,2186000000,-96.30860842920738,-1.46746330783456,0.33326713008937403,19.067357512953368,2.89487049263586,40.37064743907368,,StrongBuy,5,3.18955194587806,-66.00061302924877,5.462264150943396,6.58690107691851,10.275432089022177,2.495669399908782,,1.8322091062394603,,,92.4673,7.716806119762766,44.176523837822366,43.54871910301488,13000000,5.9230237381885225,-2.8740490278951807,2.577183,0.37849924,90.3504316912138,0,157.99361928394185,55,1458337.7333333334,61.13625977095264,194405000,,1053000000,1495000000,51.13,2.133333333333335,11.041314327132158,0.9961373364269462,43.71300000000007,45.096800000000016,43.605225000000026,1.8769269413325207,2.6222174495700257,35.1,0.3306805347657657,577127,44.551836755525606,Investment Trusts/Mutual Funds,0.7840501792114728
STNG,NYSE,Scorpio Tankers Inc.,4294475907.992043,85.75,Transportation,167.47720644383725,77.53675751981757,59.143127672019,45.06236263911953,-24.577254248760603,5.398650180059936,7.508036006351754,-132751000,4.326677691553811,2.6197355790087116,3.7639577276208445,46.7231597053982,1.2195350890466834,24.6193235920985,46329.0000,751955000,600083000,116.30646457218342,9.31080083401618,0.200260575722882,45.33898305084746,67.1573954411253,0.4829251625933839,0.046260475496087854,StrongBuy,7,3.93504320628673,-3.685168063276272,4.172028235801271,8.375264010471176,-10.69933943193188,3.6092879159374056,,-0.2709021637318303,39092583.3333333,8.866594216779056,86.2159,12.281864691156583,79.30011242569294,72.49365248261716,751955000,9.668755595344676,27.13120830244625,11.421096,-0.22732447,60.5484338277091,2.38330177724559,372.7207419017764,97.461538,754774,68.68702849444426,50081400,24,422785000,657566000,87.39,4.052906200703802,8.695652173913043,2.300231540520868,78.68799999999999,76.9581333333333,71.84109999999998,2.525915217241169,3.088669920946079,48.93,0.32455942954642714,308234,81.21051939159015,Marine Shipping,0.2808331383103313
TER,NASDAQ,"Teradyne, Inc.",51167200599.35577,327.28,Electronic Technology,114.00722530428395,103.98956867163265,59.0609267804417,14.122741418369667,13.269697468002414,44.90238314102651,35.50392785525488,-38759000,33.7465264659633,11.416340341745446,11.63232350755124,30.8796103238719,14.890015072910026,36.663504111826,46322.0000,293751000,63899000,152.82528009989946,19.3153161821601,0.0291307188895955,191.5634743875278,25.7735811936184,0.43040793018811474,0.2955388308277235,Buy,6,30.7560462513486,3.483756075240236,100.4683026584867,22.358487821345605,5.933862208113159,0.9989837122463874,12.327477678746405,-0.047585022362836564,483215.909090909,17.003678681514923,99.262,5.072717241729182,367.8970950174783,319.17139785269705,321998000,-23.751834680707322,14.477596278288846,9.218135,1.7784404,33.8296753393566,1.68060091443501,385.3085410706989,455.923077,2538575.2333333334,40.13188258804115,156341000,6600,450406000,799932000,487.91,-10.341615757608965,-20.274780151518847,22.739089468655276,363.97690000000034,356.72510000000017,322.1984499999999,4.624225786458611,4.4772277610540385,112.81,0.4019947389968041,1181373,361.5946990499692,Electronic Production Equipment,2.6215066828675564
STX,NASDAQ,Seagate Technology Holdings PLC,173502009076.8841,763.005,Electronic Technology,107.65864332603938,48.4860883797054,45.5760557605576,25.461254612546124,34.05518302737166,54.995314977656044,21.200378692408666,2193000000,39.02599046576724,14.407134815652652,15.32493644936449,34.6535465354654,79.85383599406384,371.528588098016,46323.0000,1705000000,3673000000,104.84275800974459,59.5195812692775,1.79880018458699,281.5025,26.1090610906109,2.68664811857644,0.5537992647002249,Buy,8,16.3412684119514,-6.640933602654463,14.880281690140846,69.16530278232406,0.3509827517047734,0.06916346423794108,6.191061910619107,0.4871168369613505,406500,,99.6818,13.383620689655173,842.1812972885095,653.5830490621522,1705000000,-26.93272683744314,92.48360242179618,35.990159,2.0865147,36.9167691676917,2.45258620689655,149.16685280321644,1157.727273,3853533.7666666666,39.85919637846803,227393000,30000,3105000000,3105000000,1145,-13.358882643501957,-18.937913010220342,53.99577454303098,845.8100999999999,707.4305333333333,611.145375,5.281769827548777,6.013867831549582,206.26,0.29145172478215564,2371866,838.0878749521881,Computer Peripherals,-0.6591769598410956
PLTR,NASDAQ,Palantir Technologies Inc.,421683615623.32166,175.4779,Technology Services,102.1051774686314,92.8334945705726,84.7961343359204,46.93590314797676,56.18339093221548,149.53378781423095,109.72134771041172,-6950223000,154.95463794193023,67.0225506747582,72.3171903596868,42.7985258468202,43.139659805244776,38.4216232532504,46335.0000,1426314000,183474000,289.99667663675643,25.4522997173756,0.0216283818389527,3.4657429245283087,49.0045632341181,32.577315801498145,0.5092693126467962,Buy,8,95.8363064121949,-2.167242168954626,,21.638101691419003,25.55068361033986,-0.0012502264267979816,12.460813961334804,-4.826007526941451,1010486.79160081,26.2302144466146,96.05530000000002,1.307384997979518,160.87105010773755,149.36312156667256,7179561000,33.17994839101398,14.616525146962775,1.599305,1.6213516,43.2530136334965,0.0163581181721139,224.23529411764704,201.730769,38190682.86666667,55.25428444179604,2300710000,4429,2100591000,3358272000,207.52,1.0817396313364118,-2.229830621796292,7.393963082843979,155.66575799999998,144.670286,151.6347145,3.875650035109201,3.3574314071199796,106.37,0.23128255659530622,13897302,171.37360260896045,Packaged Software,-1.6213721077837413
SANM,NASDAQ,Sanmina Corporation,10257997401.29193,191.39,Electronic Technology,99.65423916045292,69.67478822587803,8.97671869158087,5.822807048192371,7.3999699801594225,34.25201782486533,15.819534806985391,-607999000,12.765109728417979,0.8654478143622178,0.8468195802801973,5.49118211080896,4.007482700338539,12.6982642074882,46335.0000,966220000,318996000,19.620226066107215,9.43228965280207,0.950519446574809,62.843529311665094,2.41415042983939,3.1512168938151452,1.7881650641727396,Buy,5,2.74268978408578,0.9588101110884366,19.604436504391842,13.350029501595381,-4.550172895201285,2.3308350611386124,0.38245003741211964,-1.1816934394526886,208420.051282051,10.8072389025967,94.5707,10.776631055810494,203.41485930014386,185.73737944001874,966220000,-24.927433906017107,55.740906501749514,12.098333,1.6002471,6.77979142189071,5.56668420002539,68.71823379923758,261,577672.9333333333,45.219990239048286,53597400,39000,473300000,594148000,288.68,-4.233174881160875,-7.541062801932374,11.29127428673579,200.2282,193.94203333333328,184.9240749999999,4.514348892722622,6.044908449617654,110.44,0.19061382685562628,127309,199.26966523859014,Electronic Production Equipment,1.1630279534788825
CRDO,NASDAQ,Credo Technology Group Holding Ltd,28262329454.191883,150.37,Technology Services,97.83464566929135,114.72829643974644,66.3124550216996,30.483942968251448,205.67592009615936,53.661408893012634,23.881714915820012,-1417838000,48.81038984467493,17.299495899985157,18.33649835171224,32.3210217184303,10.34809285963012,30.6737768994929,46358.0000,1164952000,20617000,312.1488454184439,33.9952002948349,0.00960421331945508,-6.891640866873062,33.8334239446402,86.80161176253584,0.17158957397697358,StrongBuy,6,83.8799386418932,-8.325105597392051,,31.785231390313257,11.391916515763285,-2.6296983099167934,20.89563753261889,-2.9535707292278595,1654418.8351920699,34.4076957766919,90.14869999999999,2.2564179073763495,209.3053436783922,183.33503409202845,1443286000,-39.792997137194455,50.099820323417845,6.296449,3.2264404,35.4422407914295,0.317715996666289,93.82823871906838,287.343098,6437440.2,30.30481130938435,187951920,807,406996000,438598000,308.6699,-11.829722360667263,-43.36239853857888,15.401347351055916,218.9594999999999,186.01156666666668,175.86827499999995,5.9387051022763995,4.415086179838754,86.485,0.4700161415133779,3625970,191.17869514652224,Information Technology Services,1.938836697981209
ALAB,NASDAQ,"Astera Labs, Inc.",44686295455.12183,257.58,Electronic Technology,97.55501054526219,104.45486518171161,75.1294388390565,33.050291780299695,115.12654873955941,126.8242245199409,64.49143081192152,-1157842000,152.3391664889816,36.17361107955015,39.20872671120098,22.7507011703784,25.89451588776027,25.8259366509891,46336.0000,167611000,26828000,256.1283534981589,18.5939282552039,0.0257361633281258,12.480349344978158,30.7420050768812,,0.4941207949609153,Buy,5,246.498588345111,-5.041415151402934,,14.65496734547461,9.224107485003161,-0.03615202342343273,35.6585437377203,-6.423462707764685,1127678.57142857,18.8224441072601,82.27080000000001,1.5090869422930073,302.89505117268783,250.52892792281597,1188816000,-31.824678418294425,109.03225806451611,3.994019,3.7768757,23.7454437445452,0.3220028362605,190.33379694019465,420.469047,3930515.3,39.665618228327126,173485100,756,281762000,276676000,499.4762,-15.26694957070957,-20.20198890919794,22.681736758778126,312.0281,251.08696666666665,229.26699999999994,5.94140771664877,6.089475219598191,97.89,0.3861821621533362,1376647,289.66828574078517,Semiconductors,0.9375972611266605
WDC,NASDAQ,Western Digital Corporation,148223782847.91647,411.115,Electronic Technology,90.06560449859418,43.83877159309021,48.8273086152179,27.17702608561034,35.70378151260504,17.005720762271924,20.226012398964027,-388000000,29.757605243139388,11.443283756321424,12.85545785277498,35.5755089403205,16.743286842643283,131.358024691358,46317.0000,1579000000,107000000,370.6348433819378,108.710394013796,0.134363718411552,309.2936432873712,72.0644012694481,-5.255187314310028,0.047648838826919684,Buy,7,26.5193224261084,-4.034582132564841,27.87272727272727,50.52458115902224,41.82959382439939,1.7055292689391346,8.986763681399488,-0.07805270569301952,322975,128.48677667131514,99.2379,9.025706940874036,481.02655499880353,395.2597085500433,1579000000,-40.887163449441026,40.75906460779951,20.326053,2.134699,38.4549887762211,1.0745501285347,980.7240058131854,684.227273,6853331.533333329,37.25903689929025,360541000,40000,3511000000,3511000000,799.87,-14.352825982792021,-18.348560079443892,30.623168672818178,489.2562,440.5020999999999,381.8802999999999,5.328876215486385,5.673694125261683,99.72,0.2997830867174543,3203367,459.1229215284718,Computer Peripherals,0.7752845833138151
INOD,NASDAQ,Innodata Inc.,1932477030.4643373,56.205,Technology Services,81.48928847973845,57.796311201685135,42.3068191850273,14.164974589033747,47.63670282351975,42.61505800288119,46.6044776119403,-77800000,27.027735959348092,5.3154047447514134,6.0560153106909995,17.081383763605,12.104615927999017,37.7402148232945,46331.0000,82230000,3228000,5.952763496143964,36.2351722468374,0.0240074678762287,-11.075073174590617,14.6564553354101,34.00456725975363,7.035956946496437,StrongBuy,5,10.0646783209767,-3.313099041533554,,41.89704381158727,-2.0564317616982946,-0.6606546830174914,,-1.6514189891957294,24899.871376273903,37.7230873828517,95.1769,5.284173592936642,61.93594156525507,62.141676669188485,82230000,-46.466330126678734,29.893690778830585,1.206,2.882772,19.6664816940132,0.355324839665238,102.68948655256725,123.666667,1298175.8666666667,44.81231364429419,34382700,10107,35648000,183736000,125.14,0.5456171735241497,-8.876459143968873,3.1383856265158556,60.9115,62.29916666666669,60.75947500000002,4.615448933909731,4.6288876099741945,34.2301,0.25013484459481133,460570,57.17441569676465,Data Processing Services,-0.7422157856625701
QNST,NASDAQ,"QuinStreet, Inc.",1053815111.8181819,18.46,Commercial Services,78.85457809694793,42.67173941248752,11.270591909173,9.886744499548586,18.286457757122314,13.175362215402185,11.61006289308176,-50656000,15.312600925298906,0.7754114608337728,0.8274854990909876,3.27623149510865,3.227842678514913,28.6474496417085,46330.0000,128315000,74905000,1687.1173469387757,25.0175925398392,0.240361878350439,13.810110974106054,6.27921824950221,17.465085883765497,0.007817853771667172,StrongBuy,6,3.2406564486075,1.1636653172668754,10.461871158661507,12.602020041376985,9.498656595988919,2.6792176050015977,2.883408362912302,-0.7121207861219669,1204573.55679702,28.6474496417085,92.2368,2.207978732586442,17.83833745520936,15.402159937445093,128315000,43.76947040498443,56.04395604395605,1.59,0.699309,5.06387820473181,0.247199157589463,499.81818181818187,22.4,1015753.9666666667,48.252030715820986,57086400,1074,127906000,127906000,22.29,0.3260869565217515,-11.164581328200192,0.7996473166286119,18.090500000000006,14.270733333333355,14.2545,3.8096420206447137,3.8799870803411163,10.285,0.17506214831733316,199703,18.73399205746269,Advertising/Marketing Services,-0.8658008658008665
DELL,NYSE,Dell Technologies Inc.,346437351605.185,544.8732,Electronic Technology,74.74421109316101,56.71955904459662,19.702442380461,7.519894482303803,19.12493322299852,31.630309468661295,21.053046433697784,20524000000,20.560817583927143,2.4474832076763318,2.3044544997486187,9.89190548014077,,,46357.0000,11706000000,23994000000,153.3204905738066,29.7342650336865,,331.10467600284835,7.52692439998942,5.559973295903342,0.2022910696610862,Buy,8,2.86200398450864,9.523809523809524,5.726923076923077,25.082823291594135,-3.1534466757498567,2.627314854425118,2.648494174543856,1.7156231714452896,1172422.68041237,,92.76689999999999,13.128834355828221,456.2158462651479,312.8645235871172,11706000000,32.250776699029124,271.7114302281952,25.880967,1.3350496,11.9036278479003,5.50920245398773,273.5855728429986,591.36,8087287.833333332,60.75528522485477,315433000,97000,8552000000,8560000000,568.67,4.552086731267393,9.853467741935484,33.959626626097716,454.35766400000006,312.808288,265.8864660000002,6.054848819424382,6.939884337765103,110.22,0.43737172346949055,6830085,496.40362907788733,Computer Processing Hardware,1.360709740211122
LSCC,NASDAQ,Lattice Semiconductor Corporation,14990583599.439625,105.545,Electronic Technology,73.08521263733377,62.198417371804695,63.3528229181545,21.556887371909294,2.721039024265744,407.6670529161838,49.49800873044607,-91779000,150.499565374691,22.815193889023977,22.93705739521468,8.46837050791179,18.385900977956776,4.9268433277385,46328.0000,133886000,36127000,13.056768558951969,0.419436046203247,0.048356437303102004,63.813440943659764,5.5788744572788,5.096018600913399,31.50517173893665,StrongBuy,6,61.1464245173351,0.6775402312206044,57.86363636363636,2.023675787956506,-12.423566446236073,0.23765585751665974,35.50592246331666,-1.593634422045111,445708.688245315,0.432846357788778,99.164,1.0787052883792572,122.09176002102761,110.82118791165564,133886000,-28.03913547419376,16.060039586540583,2.132308,1.7791469,15.1596410476151,0.572073421187746,550.9433962264152,164.538462,1566292.9,36.331528678221034,142030000,1174,112799000,151269000,157.01,-10.357567521657884,-17.819045394378264,5.982983885898138,123.90270000000011,119.40409999999991,109.41437500000004,3.9260791313047227,5.151517084912816,60.5,0.40039885851390444,973055,116.45963679266598,Semiconductors,1.455399061032861
APH,NYSE,Amphenol Corporation,191038474089.23734,77.47,Electronic Technology,72.79501290605364,55.00238925366795,38.9520054047347,18.9571633318467,51.712245528060066,38.78736293996896,29.33247510506986,4633500000,21.61215138659257,7.051013184010442,6.981115140150866,28.1308166388617,12.32791914845539,38.083884653973,46323.0000,11130600000,14989400000,59.36328093832282,18.9940953418808,1.2142903250794,30.7620896278167,17.7287705607412,21.846731916089922,0.6624986406379796,StrongBuy,5,6.3042558102654,-1.4305796741916774,16.237085372485044,25.526549192678,10.976932353484985,0.15201126442433224,2.8015085712306287,0.6720671849617081,135851.176470588,28.602253850371767,99.5211,1.8281492398386594,79.77908233323723,72.55525222213957,11434200000,-3.7819039930447764,23.134387665898434,2.6411,1.2423813,32.6252257717603,0.449115730685697,59.990673816740504,100.40625,11141648.199999984,43.461288703825055,2465970000,170000,4378100000,4713700000,89.26,-7.288176160842513,-6.465439178991856,2.929765502255291,80.07689999999997,74.16053333333332,73.26397500000004,2.96581539986057,3.0059360939991486,58.67,0.2589523494512719,3600201,80.53626006824622,Electronic Components,-0.08911521323996587
OMC,NYSE,Omnicom Group Inc.,22193217789.06901,80.895,Commercial Services,68.74284077892325,63.425141946409,17.0003531310206,16.144141640468042,10.088532803028855,69.34253385907765,7.754103242920396,4282800000,8.452981220112449,1.3945286053590542,1.0182988918837972,14.297336319302,2.5366591858294525,5.51574007322279,46315.0000,6881100000,9272000000,-83.26303405928094,-0.336827272502534,1.1810635699352101,4.3806451612903174,1.74419904073523,5.57075161852465,,Buy,5,1.26760936004441,-59.419551934826885,9.66405082212257,13.540676745860331,-7.086609832161174,15.468239137863241,,1.4960178845885148,143932.5,,99.03040000000001,8.502491103202846,82.41939418727982,79.25124852134455,6881100000,4.77269783706774,6.693484568715383,10.432541,0.67300534,16.4974766777076,0.687900355871886,58.34284409952066,99.538462,2325341.6,43.95551113778473,274346000,120000,2788400000,2389200000,89.565,-1.7549186300704485,-8.520863960194516,2.4426791812455675,83.21090000000011,78.6365999999999,78.22905000000016,2.447815396809965,3.01809176140633,66.3346,0.22959980739651245,637231,83.01624224022414,Advertising/Marketing Services,-1.0361416060194761
PAYS,NASDAQ,"Paysign, Inc.",691943697.441933,12.255,Commercial Services,61.46428857585644,48.08443370347535,51.6813642996903,54.176579520675915,40.49636965613781,47.8524014057009,35.52173913043479,-158959317,19.675088638710292,5.178460089050079,7.900724622995758,17.0060096777127,11.498404954025146,30.8176670855448,46336.0000,164984711,5273891,111.3036303630363,17.4229600145186,0.09492363499847549,117.28723404255322,15.6725626610849,27.73666915163977,0.45009868909505046,StrongBuy,7,1.82663187464218,-2.920602946651237,,14.981382171951644,-12.460742624092818,0.4329859511801423,,-10.214318935382718,362956.530973451,19.1345255346568,71.67179999999999,1.0977785732888679,11.435246378097274,7.950710789334918,164984711,71.87938288920058,284.1692789968652,0.345,0.8008203,26.3198818777445,0.11873689311351,354.16666666666663,13.1,808034.3333333334,47.5664749552324,56462200,226,44440060,68035410,14.43,-9.289415247964463,-6.592987804878037,0.674437807874137,11.226599999999996,7.527566666666668,6.855825000000001,5.346491908763348,5.940849403871066,3.08,0.26810191638402514,348305,12.699830072363403,Miscellaneous Commercial Services,0
VIAV,NASDAQ,Viavi Solutions Inc.,8296963031.164991,33.625,Technology Services,57.03703703703704,52.53012048192771,56.1746690377396,5.453467694131595,40.02582311168496,,20.44895879071091,42099999.9999999,30.33489643930517,5.492368458911277,5.813752222880848,10.9727985246657,5.726815975474751,-2.72804774083546,46324.0000,654700000,441700000,-204.1015625,-1.95731255834916,0.48243010010355497,178.81426202321725,-2.00223934663769,4.837082465827347,,StrongBuy,5,-29.4324085905157,-10.52867383512545,3.5147679324894514,9.716551965472997,10.441306918982852,-6.64701045344495,17.302245932951326,0.15314659876318626,370317.073170732,,99.0045,0.3172413793103448,39.216499994522906,35.37266626920689,656700000,-33.31019436731456,7.737904517782759,1.644338,1.2254078,18.1057761970625,0.119157088122605,255.96590909090904,61.428571,4524278.033333326,40.56983216601435,246750000,4100,82800000,82800000,60.43,-5.201578798985055,-22.789896670493683,2.5126739418046955,38.76369999999999,40.73596666666666,35.42777500000002,5.393704359115811,5.734754677412063,12.05,0.3333010625413693,1261427,37.167137168140925,Information Technology Services,1.330573625073929
ADI,NASDAQ,"Analog Devices, Inc.",174588929999.26874,360.3,Electronic Technology,56.9858517945396,39.63239858517096,60.387045028348,38.82725738533701,16.89321605654812,42.75644372715622,27.99937364709521,5296193000,26.088396787919095,13.066483505189892,12.713095252296844,35.8869245823868,5.203704147682943,12.2270974654766,46357.0000,2499406000,8428969999.999999,114.37875241681084,5.37450877151916,0.271872999401476,50.48868097903267,29.7873595709588,14.485112925374999,0.3745615729142085,StrongBuy,8,8.19939186779651,1.3384644586121066,9.92540423789268,6.6794894208388635,-2.549009941342761,1.7189669471097453,16.017349644595814,1.0583542391977265,449783.95918367297,0.9715078417476127,99.738,10.10049362057291,374.3915780070234,349.96088591079985,3652321000,-14.547955601935294,18.765863467053435,12.868145,1.2048104,50.0854215435755,1.24342060850549,162.61136124149823,477.607143,3446082.6333333333,44.19355914338458,484565000,24500,4278649999.9999995,4937495000,445.91,-1.257913343747424,-5.675689826692499,11.462843038040356,374.54090000000093,372.797566666667,352.18974999999983,2.5084946500411234,2.86303421694379,223.47,0.31465674266486127,938154,367.27752397350486,Semiconductors,0.4044097279929191
BG,NYSE,Bunge Limited,23427967391.44011,121.945,Process Industries,55.48523206751055,88.2606312162268,4.86537707489217,-1.271240668325631,32.40887181804489,23.64695844402645,12.813414845194048,13620000000,13.749905005526086,0.44554053273471994,0.25793228970788123,2.19361303533307,1.4684674183151827,7.52720226561336,46317.0000,1166000000,9928000000,-48.493323079074315,3.99181166837257,1.0566664577195501,48.858642578124986,1.10007406439245,11.169108623378277,,StrongBuy,5,3.16387299685005,-44.37335158895209,1.7377049180327868,4.523631708097728,11.226643909450233,3.414722184957012,0.03981514397440455,7.7254679523539425,2068382.35294118,2.7338030391151045,82.6959,-3.62953658926621,116.92936477697697,112.58952188871687,2235000000,2.1143861999664977,-1.09894566098946,9.516979,0.65939474,3.24031716986886,9.14295112613463,32.950279629204026,145.2,1465376.4666666666,58.082115929497675,192119000,34000,-894000000,-709000000,134.865,0.3002138509623251,7.915929203539817,4.268118609677791,115.4536999999999,119.86383333333325,115.04777499999992,3.630302982082161,3.6818957804021863,76.01,0.277097527224802,458081,118.69962287616617,Agricultural Commodities/Milling,-0.37944403200528576
LION,NYSE,Lionsgate Studios Corp,3283571237.3138437,11.035,Consumer Services,50.79452054794521,47.670659821258795,38.8759757155247,0.4331636142564025,1.8222617711920144,,26.930135395007856,3771500000,5.444069181057766,2.3816032046188527,1.1765162185602778,6.25498699045967,,,46331.0000,419800000,2696000000,40.16910289481227,-15.997193474829,,49.72862957937585,-4.07285342584562,,,Buy,4,-0.334017341131406,-1.0406970517200542,0.5058986814712007,5.174800354924579,-3.970265247508025,-0.18272787664288215,,3.180016863406408,2873144.10480349,,68.1806,0.6008230452674896,12.141941820510338,11.243146411456252,419800000,-27.875816993464056,18.401287553648068,0.409764,0.13067064,43.7467476149176,0.0438957475994513,74.96874218554638,15.727273,2483874.566666667,37.3042876159271,297559700,916,11400000,175200000,16.7,-1.0313901345291498,-6.403731976251052,0.40995764604553786,12.407900000000007,11.92950000000001,11.121324999999995,2.9114808613339713,3.7425756451346417,5.875,0.40263266645878926,1520301,11.502566592778868,Movies/Entertainment,-1.0318142734307911
NVT,NYSE,nVent Electric plc,23851386038.801968,147.36,Electronic Technology,50.080688542227,52.76710621949954,36.9714522134878,9.55279854100845,29.50666977146469,40.70830685930551,28.682491476126444,1475400000,23.507534512487858,5.218925535540333,4.977994207695489,17.403806371535,5.982439979717515,15.7482413131528,46318.0000,237500000,1668400000,3.016591251885366,7.90269632252591,0.409566329729865,54.06168322007319,12.2258998758792,14.26518714336622,13.428868200779075,StrongBuy,7,6.81480826434409,1.995292195509326,8.324,10.597791490192417,-8.136429311577812,0.17860597254472915,2.0163879684570136,1.773104194207427,324425,8.472544832988454,99.0236,3.520414381474711,156.5372924511006,139.340254445103,237500000,-13.297246410920213,25.94871794871796,5.137629,1.354714,22.2010757136947,0.687995124923827,96.57851486627821,214.266667,2279388.2666666666,43.157562701596,161858000,12000,371900000,577700000,184.64,-6.834418663463346,-13.317647058823521,7.599554313344506,156.64280000000016,146.76340000000008,136.9846,3.961513400252102,3.8872318590948636,93.22,0.3948499133033523,857970,154.9843789822999,Electronic Components,3.0551009274413654
PTRN,NASDAQ,Pattern Group Inc. - Series A,3443316237.468703,19.41,Commercial Services,49.87469167818131,46.5807907715456,43.2313319233428,3.155300312035869,39.25895284442764,,31.894388658020183,-258214000,51.85508353455368,1.0449802813062876,1.2008407441909235,1.35985655398358,5.32377376292887,-25.6799379451905,46337.0000,289049000,22009000,-315.3153153153153,-31.1834444417895,0.079472516851705,43.77777777777778,-4.56502411508603,,,StrongBuy,,9.8874583511428,-0.24225108075308013,109.98268398268397,5.002067295386978,-22.8191326021829,-3.8136781795138144,1.8507465073371407,-6.1179453158318715,1087528.26086957,,26.352299999999996,0.5857313156064771,21.413635569521787,17.81748837688872,289049000,-2.0686175580222006,68.92950391644908,0.608571,1.0045743,2.01519351638873,0.166120290958862,62.526766595289075,28.125,1532330.4,36.923053719788534,155696580,2300,78924000,106131000,29.8,-4.148148148148147,-14.68131868131868,1.0428801234997578,23.092399999999998,17.874566666666674,16.721050000000005,4.48788460716763,4.536986157143151,8.92,0.1647865075991377,371006,20.659027814424174,Advertising/Marketing Services,-0.050075112668993546
MAMA,NASDAQ,"Mama's Creations, Inc.",663836362.8387096,14.08,Consumer Non-Durables,49.09360392201573,55.04928557225236,24.2540890874576,5.687946236183421,39.23358847950182,81.90808609656777,58.362694300518136,-5486000,28.775753320074305,2.5796981977273186,3.2326643784395306,5.17247991409561,3.9652254236285756,7.50686572619332,46371.0000,19951000,11494000,50.26223776223776,11.2287708043462,0.0771537459828202,48.52320675105484,3.54451496615597,33.32674567867344,1.722206540708704,StrongBuy,5,17.4397811876147,-8.141823598255133,17.822033898305087,16.3024835511972,13.84960815216218,-19.213018017663,0.1677207449596422,-0.37304501563987486,295549.053356282,13.6384746374942,98.3166,0.381583883139522,16.398739908440692,15.048884807033401,19951000,-7.246376811594201,-4.800540906017574,0.24125,0.55821353,8.96483288911047,0.0372912023654538,76.32398753894081,22.285714,587944.6333333333,29.96859811239115,47147500,581,9767000,17293000,21,-7.368421052631573,-16.834022445363257,0.7712415100506284,17.06070000000001,16.010866666666672,15.428500000000009,4.614976555449118,5.542692503659005,9.89,0.46428532096748043,551286,15.764674734579538,Food: Meat/Fish/Dairy,0
MPWR,NASDAQ,"Monolithic Power Systems, Inc.",56081010036.65934,1141.18,Electronic Technology,47.82687095646092,47.55948923671405,55.1953190160695,23.873814307968686,26.431018078020934,69.93210118639082,41.61713179634862,-1232442000,54.67076588068099,16.707468150532097,17.205402977796986,28.7234835593027,14.396345191855604,21.896125408565,46330.0000,1099302000,19972000,-57.50593725261448,18.5235037353525,0.00486057486938521,36.17899761336516,24.408659771389,27.00480015208109,,Buy,3,54.2644708440077,-1.8526650356523071,,20.68199819786551,-1.4174339367302327,-0.0029742688280928833,13.698929100911355,-1.5777297288993521,619964.230171073,9.585845710717264,96.4476,11.886662606577346,1306.1820406355603,1250.8803009744372,1256545000,-26.163979399052764,9.57501968390529,27.420919,1.6638653,30.560150166903,4.82598457166058,85.77678190354247,1853.357143,608092.3,33.705243647933514,49143000,4501,666189000,585537000,1714.0899,-7.269388285770008,-16.089705882352934,53.06368817746081,1311.5894999999998,1343.8338999999994,1259.8226000000002,3.1097091261104084,3.575975004040708,833.1801,0.32533166369073496,220363,1245.0004649722957,Semiconductors,1.9007382526853518
AVT,NASDAQ,"Avnet, Inc.",7592570631.224388,92.51,Distribution Services,45.70579634957318,47.662508154889956,10.4293021419599,-1.2828902644017592,24.467317641553976,23.183139534883722,7.966758525663107,3320419000,10.976256775277085,0.39493051149699754,0.2830181788717369,3.1104037201165,1.5118816970140705,6.66511992527804,46330.0000,155396000,2685975000,46.114976199194444,4.32749751183355,0.692048367118945,72.52890712420741,1.21012136244606,7.182369820958412,0.501800915813961,Buy,5,3.14240009291356,2.11281199862596,3.3953069447736435,10.732334402731633,4.435876091777094,1.821622829970253,0,3.3396722102923353,1837279.45478723,4.337390762360075,98.6152,-4.185670598514635,90.28034309283031,77.12768789046847,155396000,1.3808219178082248,56.55779319681841,11.612,1.1155223,3.59804366445343,0.868690446672098,1987.4301675977656,106.25,1245880.5333333334,51.563590560227134,82073000,15040,-354497000,-354497000,100,-0.32324103006141275,-2.937781974609167,3.7508400289428505,90.24089999999991,80.23946666666677,73.19325000000002,3.653946196612447,4.669528874429142,44.25,0.3260782925855042,317460,91.94938110342933,Electronics Distributors,0
GLBE,NASDAQ,Global-E Online Ltd.,6231590521.197653,37.1,Retail Trade,35.78970662599453,39.14937382760526,44.3012407511991,29.171113963321282,27.821601458134516,42.322610084417065,30.794668455136897,-599334000,31.380769705226417,5.165961993710844,5.9226799887993975,14.2752241272638,6.95624130469837,16.9591794967036,46344.0000,245860000,18449000,,7.32088129386159,0.028108041112989902,3.4002229654403533,13.8664816756029,47.810629450040196,,StrongBuy,7,8.82378121199426,0.04827729429665223,62.19128949601957,7.722099427905646,-2.3500371012345003,3.2985126582664046,12.460364063417483,-6.388875267831445,789331.419197808,7.47706746064475,68.9452,1.7535361609258826,37.996009611190765,36.017483675580216,622836000,16.010006253908696,10.77933711555688,1.204754,1.0013045,16.4621901955784,0.012130528716076,340.93851132686086,50.5,1350411.3666666667,42.917710825599656,167967000,1219,280683000,307087310,43.99,-2.0849828450778545,-11.666666666666664,1.389400532980927,38.891799999999996,34.613200000000006,35.58807500000001,3.2796340246841873,3.167159673237082,26.845,0.3072726750500415,366472,38.24633761264075,Internet Retail,-1.5204054414510544
XMTR,NASDAQ,"Xometry, Inc.",4918935795.910738,85.81,Technology Services,33.70793890374551,41.054587288599606,36.2771212498344,-3.5090172159427695,25.865169404376303,,122.25092140523738,120281000,,5.873692521910289,5.709212363228161,-3.75787431070758,8.22552568212144,-7.12043215761042,46331.0000,14996000,337355000,51.466753585397655,-10.1541884814601,0.571018263159575,65.91260634184069,-3.81545723941248,37.1674654546144,,Buy,5,7.76256625985523,-3.215923271076717,-5.423884246994089,-4.269298665633629,-7.132527098949481,-6.2138034054865825,4.778986092966965,,584864.565587734,,91.3198,-0.25816821224857484,88.52060404882269,72.91351015151817,219141000,-1.8753573470554608,117.62617296474765,0.701917,1.3195801,-1.05060982179012,0.768676578803836,81.20444955887994,111.181818,532697.6666666666,43.80392088273528,55848300,1174,-24094000,-13998000,106.08,-7.29256698357822,-9.205375092582797,4.339577542019962,90.65659999999997,72.25780000000002,69.64940000000001,4.8700274742441625,5.7100514168461025,35.86,0.18467169374379752,140527,88.82045635530848,Information Technology Services,-0.717393860990238
ESI,NYSE,Element Solutions Inc.,7703069690.384065,31.61,Process Industries,25.37537537537539,56.41394753678822,38.4197828709288,8.92129194104735,3.838170051691155,43.071263114865786,17.435738465026205,1085400000,15.352434262227982,3.0624943465126226,2.487622055742492,14.7736651641166,2.738619912305249,6.56750445862215,46323.0000,626500000,1695400000,-25.906108026249374,4.42029908837123,0.753510861449853,19.96204933586337,5.66948130277443,6.596025306393116,,StrongBuy,4,3.18163272586068,-0.20644095788604458,7.166666666666667,8.350698800964466,-7.548908142862744,0.07269829074752654,2.649733458764503,2.0329649747143663,490615.38461538503,4.477673568848343,93.597,0.5645756457564575,36.91445250625984,35.53770581976153,626500000,-29.78676143936029,3.1994776363042785,1.812943,1.2605118,19.9479398133452,0.354653546535465,61.93152784874808,47,4153911.2666666666,30.954599230617646,243691000,5200,227600000,137700000,49.25,-12.896114632130063,-18.65671641791045,1.4591739606923944,36.928199999999975,38.10293333333334,35.42199999999999,3.453903902486673,3.7781459793627423,22.86,0.234060574226785,1619095,35.15255450710334,Chemicals: Major Diversified,1.4005602240896224
EVH,NYSE,"Evolent Health, Inc",444888468.3487806,3.935,Commercial Services,-22.96995217300894,46.855476134747306,11.8865932481266,0.25343388253779253,-26.558934937044498,,22.807892052304556,811708000,14.49907969822236,0.6087832666905008,0.22003731012323266,-1.3274087299203,1.1570670775455476,-78.9524619536158,46330.0000,177990000,974355000,-184.70881345375273,-34.5238287469279,2.5322958173178503,-56.27777777777777,-24.0813860443735,15.20271847355177,-0.0048560708779565595,StrongBuy,6,0.345185516160572,2.9608401961049635,-0.0771693549790329,-0.265339589803541,-30.17634459329962,8.990118388198862,,7.285380914769871,446721.19047619,,90.57870000000001,0.21625704181549998,4.3830479230190855,4.867146825071151,177990000,-15.738758029978584,48.49056603773585,0.172528,0.8443027,4.19877177973675,0.266371665689254,42.84418235427535,5.769231,2845127.4,36.99872303896436,113059000,4200,4755000,24338000,9.63,-7.629107981220651,-15.738758029978584,0.27457514608779254,4.537499999999998,3.8732333333333226,3.859874999999998,5.564339336858406,5.492184683093142,2.095,0.27489918731406787,714466,4.295506497199717,Miscellaneous Commercial Services,0.48780487804879175
TK,NYSE,Teekay Corporation Ltd.,1250478899.4390936,14.26,Transportation,,63.28284155170706,,11.428195298677227,-22.19434370119324,,,-927050000,,1.4655374790001534,1.078609939042855,47.5041329206349,1.6439272106843739,25.6359347869187,46324.0000,941427000,25270000,,13.1844991325545,0.0492936453055612,66.97892271662765,15.7821536013093,-3.695944836084042,,NoRating,,4.10887300521489,-2.3755093269622662,71.35255524861878,9.563822455777556,-11.852429776892349,,,-3.161112569774301,445784.037558685,13.6807567775599,63.35090000000001,,12.615775466983438,11.474982547391992,973427000,18.438538205980073,24.54148471615721,,0.15481631,,,259.0909090909091,,525795.6666666666,66.88152998611827,87691400,2130,108513000,,14.52,4.31602048280907,17.173377156943303,0.46052711925914686,12.125999999999994,12.204466666666663,11.545600000000004,3.37856245475749,3.710828392042778,7.7961,0.30940824106476295,189838,13.321516199089753,Marine Shipping,1.06232294617564
SLDE,NASDAQ,"Slide Insurance Holdings, Inc.",3072148229.382387,26.3,Technology Services,,47.86186913958723,,68.74074855891638,36.623249216949354,6.406196716519705,6.996230813901058,-1639632000,,2.239918079912433,2.404498509504604,53.049323156682,2.5438524372137565,53.8821006380406,46337.0000,1682968000,35063000,-59.701990655306446,54.684193541235,0.0323480228787983,82.38557558945908,40.0173531105991,,,Buy,,,0.8361521197357706,,39.896475218048735,-8.963113308111792,7.411654093454185,,,2293454.36507937,57.4182617692706,62.939299999999996,8.12623418243514,22.318957015723733,19.43469552120034,,55.52927261975162,48.16901408450705,3.759167,0.061828975,,0.0192834868942982,90.4350952894642,26,1004542.5666666667,76.73971154963026,116811720,504,794575000,1034559000,26.49,6.607215241183619,21.985157699443427,0.7545564374242248,22.04670000000002,19.40416666666667,18.934675000000006,2.980899068498871,3.580480974186061,12.53,0.56156205297505,419071,23.932658372209325,Packaged Software,0
OABI,NASDAQ,"OmniAb, Inc.",634629081.3850446,4.365,Commercial Services,,244.23915832691816,36.4042957068934,-198.32851173256188,-29.271342503126064,,,-33691000,,15.64206988025703,15.003812049821885,-125.964063759524,2.4383159141310604,-16.9507100766171,46343.0000,25524000,16454999.999999998,40.544105523495475,-21.9410583218455,0.0726657291930811,162.95180722891567,-115.115583638869,,,StrongBuy,6,6.08794528743414,-18.675156757238977,,-21.665588708858998,-10.45044666190067,-4.479782101688914,255.83413693346193,,209730.337078652,,81.51350000000001,-0.14084397686245587,3.517622587406452,2.5308229747475135,54025000,113.97058823529413,145.22471910112358,-0.361429,0.6038826,-64.0923628988221,0.0036336814317326,69.58556149732621,7.642857,2124106.3333333335,57.8201948853337,145390400,89,-37020000,-18140000,5.43,1.5116279069767533,28.382352941176478,0.31515300304644567,3.202000000000001,2.345766666666669,2.2371249999999994,8.039416093295777,7.268827247981717,1.3,0.2686411520366136,314389,4.128965003540955,Miscellaneous Commercial Services,-1.1160714285714444