Symbol,Exchange,Description,Market capitalization,Sector,"Gross profit growth %, Quarterly YoY",net_debt_fq,gross_profit_yoy_growth_fy,"Gross margin %, Trailing 12 months","Revenue growth %, Quarterly YoY","Free cash flow margin %, Annual","Revenue growth %, Annual YoY",Price to earnings ratio,"Forward non-GAAP price to earnings, Annual","Enterprise value to revenue ratio, Trailing 12 months",Price to sales ratio,"Operating margin %, Trailing 12 months",Price to book ratio,"Return on equity %, Trailing 12 months","Enterprise value to EBITDA ratio, Trailing 12 months",Upcoming earnings date,"Return on capital employed %, Annual","Free cash flow, Annual",net_debt_to_ebitda_fq,"Piotroski F-score, Annual","Altman Z-score, Annual",sloan_ratio_ttm,"Shares buyback ratio %, Annual",Buyback yield %,research_and_dev_ratio_ttm,"Interest coverage, Annual","Cash and short-term investments, Annual","Revenue per employee, Annual","Sustainable growth rate, Annual",Free float %,"Earnings per share diluted growth %, TTM YoY",free_cash_flow_per_employee_fy,"Price to earning to growth, Trailing 12 months","Net margin %, Trailing 12 months",Performance % 1 year,Analyst Rating,debt_to_equity_fy,Total common shares outstanding,"Free cash flow, Trailing 12 months","Number of employees, Annual",ebitda_per_employee_fy,"Revenue growth %, 5 year CAGR","Return on invested capital %, Annual","Net debt, Annual","Cash and equivalents, Annual","Long term debt, Annual","Debt to equity ratio, Quarterly","Piotroski F-score, Trailing 12 months","Altman Z-score, Trailing 12 months","Sloan ratio %, Annual","Research and development ratio, Annual","Net debt to EBITDA ratio, Annual","Free cash flow per share, Trailing 12 months","Exponential moving average, 50, 1 day","Exponential moving average, 200, 1 day","Gross margin %, Annual",return_on_capital_employed_fq,Price,"Performance %, 3 months","Performance %, 6 months","Earnings per share estimate, Annual","Beta, 5 years","EBITDA margin %, Trailing 12 months","Capital expenditures per share, Trailing 12 months","Earnings per share diluted growth %, Quarterly YoY","Target price, 1 year","Average volume, 30 days","Relative strength index, 14, 1 day",ebitda_yoy_growth_fy
EMBJ,NYSE,Embraer S.A.,13512779853.7836,Electronic Technology,26.678367949349614,427395357.374011,11.25356924110446,17.9038527358206,23.794532542840425,8.211395506923573,14.089864641885065,30.33244358165494,25.188189358762433,1.7163209219362339,1.6110401673932904,8.34979630415993,3.8805133039518114,13.1794334451198,14.863526357996099,46336.0000,6.888042664302962,615599990,0.4438661009607687,7,,-2.31595019421,1.615319504258568,1.1799708782480802,1.2348851066857718,2.429890671211263,2636797664.1270103,354933.175909319,8.467022268042282,99.9912,20.256796848402324,29144.966859198943,1.5071788385337148,5.33695674445007,28.073770491803273,StrongBuy,0.791642699041984,177958250,912642100,21122,37677.874727771996,14.508900194013652,6.03836385506063,86415803.6406825,1957902459.0537899,2596602217.25444,0.751957748327802,7,1.75231164972656,0.07100150610397696,0.985045710653575,0.10858547537633473,5.128405679421999,71.04707549553191,65.12599500075866,17.5687101908129,9.11394621432564,75,21.51652624756967,28.38069154399178,2.977586,1.4033781,11.5471986969829,2.84820605726645,179.203334877258,91.357143,1265592.0666666655,57.88916669450894,6.456657112082918
MTW,NYSE,"Manitowoc Company, Inc. (The)",727730560.9999999,Producer Manufacturing,22.668004012036107,422600000,8.453718566078116,18.7112068965517,10.268767377201112,-1.258422955062698,2.8879706152433426,36.684239229231046,22.006543075245364,0.49583213836206885,0.3271914541724139,3.4698275862069,1.037984150424375,2.9224537037037,8.083840906535487,46330.0000,4.9755204394379655,-28200000,2.969782150386507,5,,-2.7010148321623735,-0.9653629955617443,0,,1.5943877551020407,77300000,476787.234042553,1.07840934621433,90.3515,-56.25099411484015,-6000,,0.870689655172414,97.84313725490196,StrongSell,0.7619390103567321,36062000,69400000,4700,26702.127659574468,9.196106928160553,0.637139949559754,452400000,77300000,500700000,0.739409499358151,7,2.14687799216374,1.897481025189748,2.4900709536347003,3.604780876494024,1.899831467976233,17.654500664975384,14.296115055092983,18.0909456022134,6.035387614334982,20.18,58.772619984264345,66.36438582028028,0.917,1.7723984,6.13362068965517,1.17712900753571,827.6849642004773,14,418614.1666666667,58.55594897010436,-3.387220939183987
OII,NYSE,"Oceaneering International, Inc.",4634100540,Producer Manufacturing,5.763776132374838,185686000,17.08527808788574,19.8203047611752,10.029634998231067,7.984430470131702,4.621854897167064,13.406663019378618,22.712372389247918,1.6797603622455464,1.7917792927437743,10.3728127823515,3.980623528426064,34.8979198162512,11.914399873556206,46323.0000,17.68113611366478,222299000,0.4585711357467963,7,,3.7839393819932643,1.292363515930602,0.651863284778884,,8.236254969305245,695874000,250824.864864865,39.6402180788511,98.3132,75.17780580075663,20026.936936936938,0.19568339680384242,12.1884972067331,88.73125253344142,Neutral,0.8155604334018309,99529700,237415000,11100,36649.27927927928,8.779923555182133,21.7707182328942,177265000,688874000,744686000,0.706227515899931,6,4.46145999652747,4.449669960191268,,0.43574717249211536,2.3570145045519073,48.088962768296284,38.90149914126147,20.4170312295719,16.58163400193414,46.56,23.534093924117816,35.270191748983144,2.049984,1.1741055,14.0985729879164,0.945526025792489,20.20484171322159,46,847332.3666666667,39.72597548267193,16.325958714717498
WDAY,NASDAQ,"Workday, Inc.",46804611618.00001,Technology Services,13.708759954493743,362000000,13.644241373877422,75.8166076347895,13.290598290598291,29.127333752884415,13.284220532319392,39.4142955717011,17.540492562608975,4.640556042699726,4.500119037780403,12.6426603699331,7.2452954637533775,16.0056294779939,28.603160471801097,46357.0000,8.725133777214984,2777000000,0.21952698605215282,7,,-23.43444535536356,1.3673019504980877,10.791671643863184,27.63675718221173,9.368421052631579,5451000000,454000,8.23089257081774,98.96979999999999,127.87772279517178,132238.09523809524,0.294712930349081,12.3081463990555,-14.130963434584597,Buy,0.48955797565663,196000000,2844000000,21000,67380.95238095238,17.26736764319763,5.8252427184466,-1630000000,1509000000,3691000000,0.5839009287925699,8,3.33532325211381,-13.993488876831254,28.099433606041536,-1.1519434628975265,11.54656587104711,175.6505623878737,168.4152434127209,75.6555485630375,11.524663677130045,194.21,52.66881534470562,44.770778978755125,11.072095,1.0826529,16.223927587564,0.962213822587259,204.05261286882333,211.142857,4285860.333333333,55.36662618025804,73.40686274509804
YOU,NYSE,"Clear Secure, Inc.",5714568806.000001,Technology Services,37.374628181940494,-849502000,17.895985377804855,63.1770233755436,26.559801701394743,38.090586037196694,16.91019198222425,28.832764505119453,23.081967213114755,4.898538235082503,4.3368636857552305,25.1294088961371,20.90923491208617,90.2894542435177,17.122691315677333,46331.0000,32.86931890790481,343112000,-2.9673193938928204,6,,-2.886338235555006,-1.2312693242508668,0.021663926746321862,7.232708173445894,,700173000,272880.642229627,32.08406432280589,92.8234,-21.506643806258037,103941.83580733111,,14.7781961499105,12.971382722653118,Buy,0.6319724982276891,102911000,508393000,3301,66980.30899727356,31.304011655429175,36.511586294777,-587850000,85734000,106808000,0.532216850996155,6,3.88660157260815,-12.376916402581395,8.035600297076199,-2.6587276460638076,4.9469695370782265,47.852839585116655,46.43579623127215,60.5798980660073,49.07081549879943,42.24,-18.012422360248447,-12.201205570567446,1.83,1.020759,28.6084596444103,0.333292552383694,87.16372021521906,59.666667,1766500.6666666667,33.15830985362963,47.72534425506611
VIAV,NASDAQ,Viavi Solutions Inc.,8345079248,Technology Services,57.03703703703704,42099999.9999999,38.39039428849586,56.1746690377396,52.53012048192771,5.453467694131595,40.02582311168496,,20.5675475480102,5.524059308437068,6.66123295791345,10.9727985246657,5.76002725027676,-2.72804774083546,30.509928148417607,46324.0000,9.716551965472997,82800000,0.15314659876318626,5,,10.441306918982852,-10.52867383512545,-6.608684994000191,17.302245932951326,3.5147679324894514,656700000,370317.073170732,,99.0045,-204.1015625,20195.121951219513,,-2.00223934663769,176.30718954248366,StrongBuy,0.48243010010355497,246750000,82800000,4100,67048.78048780486,4.837082465827347,-1.95731255834916,42099999.9999999,654700000,441700000,0.48243010010355497,5,-29.4324085905157,10.441306918982852,17.302245932951326,0.15314659876318626,0.3172413793103448,39.44472448409527,35.39023075432455,56.1746690377396,9.716551965472997,33.82,-37.8080176535491,6.738204197569834,1.644338,1.2254078,18.1057761970625,0.119157088122605,255.96590909090904,61.428571,4626975.466666658,40.91740289462953,105.76347305389223
ESTC,NYSE,Elastic N.V.,8935807871,Technology Services,11.818221772953018,-867233000,19.904968448183517,75.5042848676807,15.128055710735683,18.501481316667157,17.26122095657239,23.83299263532245,25.335092392268553,4.477178929571025,4.841949788525509,-1.40437342827147,6.898916405657258,33.122314223752,,46358.0000,-1.7961403620024279,321802000,,6,,-6.4295869799273,0.7423298799760879,3.9090701707411406,25.221235009621807,-1.2617532415877815,1372035000,432777.05896989297,33.3766234944871,86.72109999999999,,80070.16670813636,,20.8439225017146,-4.585201793721977,Buy,0.463425773599687,104991000,349037000,4019,-4948.743468524509,23.3746407735985,21.7945481331878,-780472000,770498000,585024000,0.459404106742296,6,2.95120132739334,0.46947418637373495,25.951644626583438,,3.3355908780438375,77.46904157613967,69.20925205126463,76.0671200593792,-1.4108009412772018,85.11,36.89882580022519,54.82990722212116,3.359372,1.0362698,-0.690395282095446,0.0480312395334831,31.13695090439277,110.416667,2902401.933333333,52.07793504146174,52.304556354916066
MGNI,NASDAQ,"Magnite, Inc.",3419232086.9999995,Technology Services,21.561359064153194,84362999.9999999,11.260266270407037,64.6448189056175,11.24489419149378,23.19942629276717,6.8519987428349065,21.83150183150183,21.010328903303137,4.721546278926856,4.714381411344877,15.6471853421091,3.6508869940213664,19.5794080035665,20.50156873266469,46337.0000,7.291874500964601,165633000,0.4936568867251038,6,,-0.8225661478765997,-1.08677975209826,1.444476383682229,12.088097201783182,3.0890735591506573,553362000,735276.0041194641,17.108214517251,97.66969999999999,288.4738527214514,170579.8146240989,0.07545709623956018,22.4904453105207,-0.6666666666666673,StrongBuy,0.679091451184474,143424000,215764000,971,155959.83522142124,26.35982015021301,10.8024747843528,72998000.0000001,553362000,397750000,0.445359419741892,8,0.938992142848412,0.03823819869642484,11.818985283344983,0.4820354338767943,1.4660669149022914,21.94698068655096,18.045916989862704,62.0841988198103,9.321195043531665,23.84,42.15861657722123,96.69966996699671,1.13468,2.2933905,23.0301707176394,0.547950697143478,75.23302263648468,28.157619,2646238.033333332,55.78969295992779,38.17622745148134
COHU,NASDAQ,"Cohu, Inc.",2365501519.9999995,Electronic Technology,62.88484390191207,-166922000,10.949823080530333,37.8067355530042,38.37481426448737,2.3697665998463426,12.737599526107637,,52.6,4.207002525832376,5.16931159586682,-6.38174512055109,3.2474558779471296,-4.83648998119157,151.84608881828854,46324.0000,-5.900587607750466,10734000,-11.528558602113407,5,,12.72300178480894,5.556339589927624,0.07292322517721318,18.59988518943743,-29.418695228821814,483981000,158542.527126356,,96.2499,55.603217158176946,3757.0878543927192,,-7.42747799464218,135.04233301975538,StrongBuy,0.421201238894568,47338400,34918000,2857,-2416.870843542177,-6.563013288725816,-7.51715252412082,-153111000,227053000,316719000,0.42764024229655,6,5.12937732287709,12.152388369260375,20.358048022324464,,0.737787356321839,52.3799678833323,43.57854621716804,34.4742094154841,-3.2847238329361748,49.97,-22.599132589838916,69.27506775067751,0.95,1.5861461,2.77057022579411,0.246429175118323,99.06025428413487,70.875,942480.1333333333,46.873806320218996,63.97829829412072
FSLY,NASDAQ,"Fastly, Inc.",3960198173.0000005,Technology Services,45.77677027097856,60794000,21.462596686079007,59.0686770289287,23.27229690200324,6.757657631670881,14.777551335722011,,47.329031963279064,5.851499073741256,5.3115057780209645,-11.9629263664317,3.9912276476802395,-8.38939850961797,973.6058530266345,46330.0000,-8.941773847055213,42169000,14.720096852300241,6,,-6.94273840266606,-6.651699266154266,-0.24753811733047326,24.310472035426304,-9.33813686117017,361759000,547384.2105263161,,93.28139999999999,48.423184492236466,36990.350877192985,,-11.802413657114,216.68789808917197,Buy,0.462776657795258,159300000,18710000,1140,-18740.350877192985,16.492628003868106,-9.22072774917911,68427999.9999999,180563000,367203000,0.401983413687896,6,2.89046884994849,0.18906592098445044,26.06687627600486,,0.11872128734231834,22.63511048862652,19.094595961787434,53.9782506273858,-6.546382352496165,24.86,36.894273127753294,3.454015813566368,0.525259,0.35819688,0.601013136429982,0.540096195334907,61.59223300970874,27,6199666.5,56.81860107308129,65.42594510616262
BUKS,OTC,Butler National Corp.,256645310,Electronic Technology,40.750363749740174,-3297000,19.181538623281728,49.7979249330252,52.94906832298136,19.640287035430298,16.671827362804876,10.980606391696258,,2.3323634036990324,2.5022873401581607,28.7324047393278,2.974824988529903,31.0314564183103,6.633370251093132,,27.09228974743507,19241000,-0.08632471918938026,9,,9.040280963302754,4.606958501531247,1.1245091523394681,1.355145779438977,14.71960682876358,35124000,249279.89821883,29.8221521224812,74.18889999999999,76.00961538461539,48959.287531806614,0.15272870389135115,21.6464284727912,145.1219512195122,NoRating,0.40797531044914503,63842100,8729000,393,90374.04580152672,9.766341647342136,20.9577319439866,-1679000,35124000,28445000,0.370440324449594,8,6.12062428280896,0.3657372307865105,1.496422264640134,-0.04727313680772587,0.13648799425552693,4.281204480565676,3.743199683422234,46.2859942633744,29.526963103122046,4.02,-2.1897810218978284,-4.057279236276869,,0.1743755,35.1610616536093,0.109296721256287,49.36479128856623,,69934.16666666667,44.27820830487138,50.68092147129948
TTDKY,OTC,TDK Corp.,34613377146.06789,Electronic Technology,21.773604156475777,-650946008.3064101,15.188432132863875,31.0866784277878,25.478350565973123,8.347146711432234,14.932848947646729,22.598729288650805,20.983324387851418,1.9421788905678248,2.0094492138274362,9.81803530693121,2.4342262407978463,11.5343895090529,10.978760530020548,46325.0000,9.382785541315654,1387471680,-0.20973715634657783,7,,3.8908280389337397,-0.027367752957798808,0,11.17617624342473,13.922474362417294,5297473128.41788,156010.20475578,7.518557628000645,99.98670000000025,52.69164922959864,13022.400675770803,0.4385800360606059,8.69397380217884,35.373134328358205,Buy,0.281620530770828,1898154175,739946900,106545,27773.306865643623,3.575568385725325,8.38073787864256,-1425639575.08329,5297473128.41788,2467860959.20548,0.332501501777121,6,3.10502659534703,1.5719814981328524,11.564423790931041,-0.4817803427584393,0.38934424442486404,19.24872735851814,17.761647710283746,31.2758601416468,9.764551447534968,18.14,-23.9731768650461,34.469977761304676,0.864496,1.4004853,17.6903292977116,1.09901087620685,76.34194831013916,26.835479,153149.76666666675,42.299677615435805,14.544946123493032
MTLS,NASDAQ,Materialise NV,450682653,Technology Services,8.006562996906261,-84848866.2,6.05602322210163,57.2309707864814,10.875602295512545,3.5552419578189642,4.674104968547486,29.188982402448353,36.64302474654298,1.1497107978484196,1.400875134210411,2.44982542339375,,5.25137372492338,10.530625341017227,46323.0000,0.8378776425065879,10738420,-2.4430543684037014,6,,-1.3976060421983691,0,1.3568800938936447,17.507947219155216,1.2344711483182724,157279995.1,118170.853932119,3.12452933338443,,-10.967302452316078,4201.259780907668,,4.83643973587522,47.86821705426356,StrongBuy,0.24695768541489,58555671,20234680,2556,10748.865414710484,9.223561007947056,2.68491803191115,-83156932.25,157279995.1,61998041.05,0.232182840915297,,,-1.4131562414926782,16.69263506368799,-3.026739083354869,0.3469059987313343,6.883274351845264,6.22454279754374,53.4534231578318,2.113433796913938,7.63,13.88059701492537,46.730769230769226,0.20822516844,1.3617536,10.9177827585438,0.2627112206625,1647.3684210526314,8.95709937402,120197.03333333334,64.60574307800019,2.7144034798798415
MITK,NASDAQ,"Mitek Systems, Inc.",807690504,Technology Services,20.226859468352238,-48036000,4.608164606788807,75.5575992157735,18.17008900260229,30.15454307672616,4.4211223653701985,38.3873043105297,15.484429065743944,3.8385387919273177,4.238304716475834,18.0599488635789,3.22317516966686,9.23347981520748,14.303956164796265,46324.0000,5.671719097093203,54185000,-0.9044964977027944,6,,-17.616117156403256,-1.4169045185709777,2.208147788252318,15.7825590443755,1.8028428264648737,193011000,302001.680672269,3.86587233743317,94.9209,41.5174506828528,91067.2268907563,0.8894817732729853,11.3869490960172,71.12810707456977,StrongBuy,0.663811402742052,45122400,48613000,595,58801.68067226891,12.143679653223604,2.87747190735561,-33525000,154153000,6080000,0.20626848632660502,7,5.752452126287,-11.408837552738023,19.635930569700207,-0.9582130505616371,0.9980291116631422,17.862577654356375,15.221138156658498,76.1651946953381,12.884677432437547,17.9,8.157099697885183,25.21860790486183,1.156,0.99041104,26.8355044415923,0.104231250898191,236.20352250489236,23.625,706672.4,49.02018766170597,53.86340648225516
API,NASDAQ,"Agora, Inc.",381523815,Technology Services,12.32268630289404,-242642825.46402,9.851295030131768,64.4889599746842,17.759878985725624,-4.524413034026369,6.080893772266618,35.69553805774278,28.650880593241762,0.9131703892879623,2.4662375112914625,-4.80660093125754,0.6854239884956288,1.96041184971195,,46350.0000,-1.6613549474366818,-6398880,,7,,-2.8054876984115724,8.100698610446104,8.516984395431514,37.76023832320815,-300.47227469436933,219689936.97358498,260460.51285857303,1.68262727898811,98.528,,-11784.309392265193,,7.231422123877,3.55329949238579,StrongBuy,0.146291716413668,74465756.25,-20712500,543,-9012.725598526704,1.1162914080771191,1.51072154461861,-137349585.79348502,160106682.85209,80819344.693035,0.182177011787491,7,0.799724129959535,-4.312986762012801,39.31673011619409,,-0.22419848534101133,4.171993111366187,4.070048167322168,66.4015256243927,-1.1217572773151894,4.08,-2.8571428571428594,6.806282722513095,0.142404,0.79592466,-1.20595099796237,0.372571135448642,59.73154362416109,6.4,204952.43333333332,45.6350536832512,89.66826585598852
NOVT,NASDAQ,Novanta Inc.,5296378537,Electronic Technology,14.643304130376332,-433053000,2.7503773076119407,41.8992346307024,10.27094076328771,4.938710993264158,3.3031514519314826,89.51741770533718,37.91967851260637,4.723055511345364,5.858989704730407,11.6460247120761,3.276379769963283,5.10888769779906,26.792967727185083,46336.0000,8.287387598265434,48429000,-2.3857697710932984,6,,-2.411244149719087,0.7429461850965635,-16.045496315945233,9.145973726302554,5.43330849477811,380871000,326866.666667015,5.22615455938343,99.24929999999999,-7.878466701996109,16143.000000000002,,5.99825774328235,19.313341284716323,StrongBuy,0.23034162249189102,37817800,113233550,3000,59532,10.671630087598327,3.88738997680792,-78136000,380871000,253759000,0.176680742710296,5,8.40187590884428,3.546831231818648,9.737303691617372,-0.43750139980738645,2.7507907394810998,149.0998826826513,141.52120043201904,41.5874974505405,7.441881535861084,140.05,-11.282148739389333,17.08887216787895,3.693333,1.6749471,17.6279670077502,0.471530740172338,144.54253611556985,194.5,371751.43333333335,40.3311771367627,-0.7005604483586869
TRVG,NASDAQ,trivago N.V.,2875865682,Technology Services,18.877865834214447,-137090816.4,23.5357857770863,94.5111574055344,24.044296955199282,0.5864324068507862,24.271779827052203,27.294228949858088,219.08665203325782,3.934429386173303,0.5706380615982669,0.949513290242556,12.305658043464351,6.74986502280392,158.89354044373175,46329.0000,0.7931272995716792,3632890,-7.953499739506884,5,,2.320390738415145,-1.3693232215464857,0.05391201326521028,,51.95119714952565,167884104.15,693717.782771285,5.56442017015137,99.1674,,4068.1858902575586,,2.18862143641726,74.84848484848484,Neutral,0.17038054561906102,23063075,43618670,893,10190.055991041432,16.900273813115874,4.75823136054831,-125202242.25,153936335.95,39762179.199999996,0.17352529670179098,6,-0.437857350603214,3.230476651759155,,-13.758911510464058,0.6171253982716566,5.341683030432857,4.213484263332867,96.169149153234,2.357019985141421,5.77,34.1860465116279,105.33807829181492,0.02633661132,0.57225245,2.47614180865117,0.0793257145755307,19.102196752626554,6.1419095295999995,148744.59999999998,54.23938852274032,382.0916002225107
ROKU,NASDAQ,"Roku, Inc.",23382683020,Technology Services,35.37328848325557,-2083083999.9999998,14.885293257600596,45.5039920447063,21.930123002093538,6.619619690829133,15.180366738975778,67.26620241808006,56.38181644343716,4.088913273092716,4.517680054750238,5.24822858415353,8.276592199239571,13.1217117682218,35.46168321298887,46330.0000,-0.0816928416168864,313588000,-3.468124674304114,7,,7.459192318677604,-1.8541975893877072,1.0448330492742572,14.130110517919567,-1.343126967471144,2317281000,1315903.05555556,3.43104078256045,99.06190000000002,,87107.77777777778,,6.81891916277445,63.482504412833535,Neutral,0.196890454843874,132140999.99999999,505731000,3600,90083.61111111111,21.64660011118542,2.89742063293628,-1793957000,1587068000,435899000,0.16792139551159402,8,8.55380782405751,12.447617369909844,15.34961943118488,-5.5317652427837105,3.329477599657658,149.54693048172507,125.13841113065455,43.789615538632,8.427333950054239,157.45,13.887884267631096,63.90797418280239,2.792567,2.0498939,11.5305109702041,0.0601138944665723,1440.02849002849,160.105263,2444713.8333333335,58.88927477277373,150.82835751631964
DLO,NASDAQ,DLocal Limited,4186529328.999999,Technology Services,26.91463414634065,-831347000,43.69942692791396,33.9054027742541,55.839942602685845,38.57699478870873,46.59854096788136,21.70860152135752,17.89376841074639,2.4747114299322037,3.242633959093592,17.6842471693994,7.922483517070176,41.2815925392301,12.387956055437412,46344.0000,42.88644244462322,421873000,-3.0692413905133207,6,,-11.64965211210531,-9.547437506399394,1.9375748511768593,3.0962551700130425,10.949166308346367,824067000,858388.5400314049,37.1972540703195,50.199099999999994,34.6464447508371,331140.502354788,0.6274195968173046,15.043484161027,9.439528023598816,StrongBuy,0.15859684749174802,165878000,450739800,1274,200500,60.04593609916016,37.0163262235267,-733784000,724978000,2309000,0.124703839718055,5,2.87993228972826,-13.395056600933103,2.807915602508078,-2.872661360726911,1.5234226591257314,14.560988259088008,13.575354016131254,36.7328799629111,47.7833111136443,14.84,16.483516483516482,29.043478260869566,0.829339,0.87143826,19.9767533793115,0.139719056830144,23.13333333333334,18.5,2338585.8333333335,49.661948312327404,69.11429782050263
TWLO,NYSE,Twilio Inc.,35611024115,Technology Services,21.864139928872085,-1590811000,9.153425457664543,47.9025821882703,22.033416773510798,18.65770580318202,13.664851517574107,32.26560543233239,39.076607035575584,6.105206498074055,6.516065016291212,5.93139886955685,3.9664741589032357,13.4973589641006,66.54789014972204,46324.0000,1.9539928699289104,945427000,-3.1118298794633947,7,,4.469200757623636,0.130627147322431,2.304036517878166,19.151546714407335,,2470541000,906966.171469483,0.428970480988572,99.6472,5800.328407224959,169219.0800071595,0.005454047324950883,20.6151181337495,125.58614651230661,Buy,0.138281101971401,153575000,988610000,5587,70272.23912654376,23.527546095366624,0.378087951544756,-1388969000,682534000,1046449000.0000001,0.118683647500593,6,10.1867974957094,-10.749870277937836,20.132518422330193,-3.5377740307836514,6.190103015771904,219.03204788873379,176.81373875411026,48.0169994592696,3.4507621407072206,231.88,15.905228431470555,83.91497461928934,5.933985,1.404936,9.17415485951294,0.451442163577284,4659.40170940171,261.964286,2298684.2666666666,53.54840013662177,112.63133380992613
AVPT,NASDAQ,"AvePoint, Inc.",2877289717,Technology Services,20.29415268933928,-390638000,25.088322121666746,73.3325181485867,22.03238644160834,19.44566945651578,26.934901144389105,43.06523115896136,30.291083953075546,5.334422499528051,5.998122844050866,9.78328957078378,6.581908463075978,16.2455156708625,40.67609502232837,46331.0000,8.124349670459322,81574000,-6.3899694109564384,6,,-3.4242929024059356,-10.823637132466567,3.7705622537419297,12.283332475244126,,481060000,121840.546035434,9.30637438106152,66.52709999999999,,23692.709846064477,,15.3342686505689,-15.47545059042884,Buy,0.0364508804071034,211565000,101006000,3443,14044.147545744989,22.586974783498558,9.06565100669393,-463611000,481060000,9949000,0.061367808567229905,4,4.71440095507659,-2.2947840862869233,12.535250550063529,-9.587852090830127,0.4573387184409751,12.852039240278426,12.365702709785758,73.9371199317277,9.60129519061534,13.6,25.693160813308683,32.68292682926829,0.448977,1.1859504,13.114391872179,0.0247446299851487,957.6271186440677,16.719974,1756631.8,55.41788007873905,285.35224737009884
SILC,NASDAQ,Silicom Ltd,235767008,Electronic Technology,52.04665959679602,-24897000,14.025786239343358,30.1593614933839,58.50589253587848,-5.4080676936869665,6.559520941632156,,,2.795720414708847,3.200146501203888,-14.1741574523383,2.038192001462808,-8.27675997396778,,46324.0000,-9.423456035805522,-3349000,,6,,2.039340943898001,1.0430283895040966,,27.882958131148932,,48114000,251731.70731763,,94.98140000000001,24.859821272121952,-13613.821138211384,,-12.9796091533429,123.90829694323146,StrongBuy,0.0533752095940897,5747610,,246,-43390.24390243902,-10.427361562342274,-9.02518702557653,-41843000,35156000,4252000,0.056078021595263004,,5.06057812294918,2.039340943898001,32.38381293802286,,,42.31478114876205,33.54896834338631,30.5622840164067,-8.479873091421297,41.02,-12.908704883227172,110.89974293059129,-0.4485,1.5721971,,,37.82127659574468,60,189147.43333333332,46.98378011773109,1.739850869925435
HSTM,NASDAQ,"HealthStream, Inc.",866379869,Technology Services,16.8895466164402,-53302000,0.5968504660024793,51.2236972816762,12.54906177751492,10.246527046937487,4.257901702749224,41.27890777375313,40.14905149051491,2.532029973498756,2.6573820134094315,8.03538897037528,2.429526910515842,5.9957124999293,11.565830284495021,46321.0000,4.962534531868639,31156000,-0.7582076813655761,6,,-0.08224709019764263,2.80297055730809,2.4477715559662894,16.83218266239408,,57004000,262124.13793103502,4.094399086763731,79.31739999999999,7.891176912670975,26858.620689655174,5.13921718478419,6.60195505065132,1.4031485284052025,Buy,0.049649316569827406,29240000,41348000,1160,54925.862068965514,4.429089977947953,4.92119963296254,-39427000,36161000,14684000,0.037657912816702,7,4.05320671096408,1.0093045260999838,16.767522626815406,-0.6188121919829237,1.4105205703759296,28.267677001590055,25.94502043466069,50.4423410860871,6.584640432392153,29.63,14.181117533718691,43.0019305019305,0.738,0.44272304,21.892332078339,1.02995155898206,28.531073446327692,34.5,206448.4,58.09077565782549,1.8934911242603552
DDI,NASDAQ,"DoubleDown Interactive Co., Ltd. - American Depository Shares",624373354,Technology Services,9.180778749060273,-513717890.725488,15.476976792859782,95.247347157359,11.046434062809302,38.026908859052966,5.5029258387191655,4.970414201183432,4.918032786885246,0.29158801697457154,1.6529771848768262,38.1240568062327,0.599543205177008,12.7084306300267,0.7125884174456126,46337.0000,13.954241200022338,136969650,-3.302688197653238,6,,3.5963784554514344,0,0,1.1995035421806626,70.94316473189757,488156704.443442,5145591.22585231,11.1098923264072,,18.170799925414887,1956709.285714286,0.2752752992228857,33.0469874579138,35.48387096774192,StrongBuy,0.0401590328177067,49553440,147472490,70,2034864.1428571432,0.068511281837913,10.8713608357766,-448713440.170768,387366273.981465,3295752.91590018,0.0357742187559975,8,5.5006488145064,4.233663092704852,1.2915567422878942,-3.1501818069480665,2.976029313000268,12.227260869423802,10.877898100388489,97.8076274270393,14.05209056642865,12.6,5.175292153589309,43.34470989761093,2.562,1.0279173,40.9195560629256,0.00595708921672668,49.93276557597491,17.875,131825.46666666667,51.833545745737815,0.3792396940036366
RAMP,NYSE,"LiveRamp Holdings, Inc.",2288931056,Technology Services,10.578522083763726,-337905000,8.524741820378738,70.8160278042168,9.83667142314523,20.610992201146455,9.034577107755036,15.554637471596775,11.933438985736926,2.344690154115351,2.7946141347716127,12.9236249314989,2.341677125950509,16.0547763905114,16.140456129320473,46337.0000,8.666876016231287,167555000,-2.7954218302751532,7,,-3.323868812514123,7.437649365418679,7.749294131644653,17.50562429696288,2764.25,387047000,625338.461538462,15.0742540495346,95.6359,1026.8621973929237,128888.46153846153,0.015127619481916006,18.5726784151981,39.75501113585745,Neutral,0.0304173238310704,60795000,200025000,1300,78350,12.908296675099473,14.7154382710559,-357482000,379547000,19898000,0.0338838772781173,7,7.47113904875652,-1.485345513017153,18.222624055895885,-3.509714790633744,3.2342431200077617,37.37010291348514,33.45713644309962,70.709154427141,10.495172706578149,37.65,0.02656748140275773,36.710239651416124,3.155,1.254628,14.5267899204907,0.0281829059276267,143.9276485788114,38.5,1010113.6666666666,47.028283487927396,232.81597176839628
VTEX,NYSE,VTEX,617206362,Technology Services,14.995613344481129,-178868000,11.76746938700083,78.1050240058266,9.52372852530705,13.44104574726616,6.1130940038139,21.819262782401903,17.72818394802309,1.7352723839966813,2.4699299813551887,12.6556024809332,2.710207216388261,12.7633635445297,12.373666055149446,46331.0000,7.324970920190661,32328000.000000004,-5.048347492308995,8,,-11.893421905665596,10.876484216651104,12.1179483100036,26.761845579009208,,192101000,211165.057067916,8.18001761914051,67.51429999999999,140.28571428571425,28382.79192273925,0.15256786242737896,11.9756023226101,-10.705596107055971,Buy,0.012351389317161801,90129400,46042150,1139,20253.731343283584,19.505212474838252,8.13108891982876,-189217000,15744000,1249000,0.0316906598535842,7,4.73651717161654,-10.961192273089674,26.131209020568136,-8.202219428670512,0.2656191047600367,3.784793663329944,3.9731516952016235,76.1642628171814,12.0318803058702,3.67,1.1019283746556483,-6.377551020408164,0.207015,0.9900155,14.0239147901889,0.00929296606006699,261.875,5.411111,800280.1666666666,47.51053121830464,93.9386296763346
TTAN,NASDAQ,"ServiceTitan, Inc.",5690641531.999999,Technology Services,24.53568548513131,-431774000,34.27278603749192,68.7791271026457,20.912098396269666,10.921313471354315,24.497006003539422,,43.46675960796652,4.939155966301315,4.923127894583615,-12.5983113089704,3.543826238972477,-8.33592344052392,,46406.0000,-9.846020399625587,104950000,,6,,-12.371520295137504,-6.931110543988696,-0.36437016605951283,32.727170268518776,-21.73792721737927,428935000,281477.738722906,,69.4175,61.402320264205265,30741.0661980082,,-12.1160294159083,-49.563953488372086,StrongBuy,0.0336827004905477,84082060,133881000,3414,-21647.62741652021,,-10.0901977950949,-377561000,428935000,37322000,0.0297466020965363,7,23.8832805962845,-12.901870827142037,31.25275114078036,,1.3965832992917826,80.8482656912313,80.22475861424498,68.0896806855609,-8.125038046933183,58.99,-13.491714327614014,-14.296091820427135,1.357129,0.10900536,-4.83549820142196,0.279596224788563,26.031294452347076,97.533333,2437031.7666666666,28.853653208250677,30.30328750070729
INOD,NASDAQ,Innodata Inc.,1899297770,Technology Services,81.48928847973845,-246539000,48.26234182855106,42.3068191850273,57.796311201685135,14.164974589033747,47.63670282351975,41.88338767154447,45.804311774461034,5.210792429153372,5.833464422191674,17.081383763605,11.896788254829032,37.7402148232945,26.49580392785571,46331.0000,41.89704381158727,35648000,-3.9525290581162325,6,,-35.65506780720716,-3.313099041533554,-0.6721958084539845,,,82230000,24899.871376273903,37.7230873828517,95.1769,5.952763496143964,3527.0604531512813,6.7773944446610335,14.6564553354101,-10.164254350300862,StrongBuy,0.0413458397498717,34382700,183736000,10107,4661.224893638073,34.00456725975363,36.2351722468374,-77800000,82230000,3228000,0.0240074678762287,5,10.0646783209767,-2.0564317616982946,,-1.6514189891957294,5.284173592936642,62.16985754751038,62.20134176134113,39.667332901539,40.34389416578857,55.24,-44.448913917940466,22.537710736468508,1.206,2.882772,19.6664816940132,0.355324839665238,102.68948655256725,123.666667,1330240.9666666666,42.19667532135861,55.02138861467588
SMCAY,OTC,SMC Corp,27304851710.187645,Producer Manufacturing,29.88914351149658,-4389423165.66682,6.297890490676503,45.9519860019487,22.8117858091481,4.298425900117401,7.608028870318229,21.16980763597305,,3.883489281471345,4.785909319853661,24.0618367834727,2.056280238369165,9.75604214188786,13.219486356173784,,9.452127520620776,240331140,-2.5320076523674286,6,,3.9225505203433286,0.9332030519116092,,4.680121226411838,375.1161429073629,4473580991.89138,225695.031984211,6.043647411256056,,37.62935089369709,9701.333710087596,0.5810118640757739,21.9380433769367,47.68392370572207,NoRating,0.00583899227030896,1257376380,,24773,63058.93634198523,1.437494654349858,8.46600870367187,-4395951976.868441,3606574894.71368,37607643.4722484,0.0212746997323838,,15.0581006324847,3.9225505203433286,4.745881802784668,-2.8140233436210655,,22.26961383435488,21.297190099685054,45.2739985353828,10.465287691366921,21.68,-1.454545454545456,5.3962080700048585,,1.0966637,29.3770058596692,,79.47900053163212,,341202.3333333333,46.57019248700025,6.055432491200655
RELL,NASDAQ,"Richardson Electronics, Ltd.",238675399,Electronic Technology,26.17404580152672,-30390000,10.103395061728396,31.2153269981274,27.57424502302993,-1.5842389877671024,9.408402701654788,37.016825829922695,32.23762376237624,0.911278237167708,1.1174841226089882,2.46320505416426,1.434103473913059,3.98489199650393,22.113324025905087,46309.0000,3.4678484864350456,-3621000,-3.226457161057437,7,,4.308548290490405,-1.8281831418864187,-0.4160462302191438,,,31779000,532783.216783217,1.8083465273165311,94.47330000000001,,-8440.55944055944,,2.79265326123099,64.62070499726981,StrongBuy,0.008484981765535951,12828500,-3621000,429,21955.710955710958,5.253811987447077,3.96377151338076,-30390000,31779000,602000,0.008484981765535951,7,6.43678601364928,4.308548290490405,,-3.226457161057437,-0.24766933647052386,17.77892444873586,15.275211745617785,31.2153269981274,3.4678484864350456,16.28,-10.745614035087705,46.40287769784175,0.505,1.2429098,4.120946430759,0.299788650027701,190.70034443168768,20.5,209470.16666666666,39.076305693144654,42.08779604766933
OPRA,NASDAQ,Opera Limited,1638747414,Technology Services,22.419418772256144,-137217382.82676,5.3533440282276645,42.938290083014,23.319304290214983,18.682714346685188,28.80204622129702,13.232337736932797,15.671768707482993,2.194871132259434,2.4362959430548474,16.3171986804711,1.6170425581385146,12.8755098591858,11.36745802356329,46317.0000,9.36669680174787,115222100,-1.0388156127437749,7,,1.0309273669279075,-1.3199592758394136,1.658392883610738,,151.47048475545319,155467602.698994,1019390.16211478,3.9743988652898743,,75.1288821828241,190449.7520661157,0.17488614488378967,18.5311234518695,-4.359107420861442,StrongBuy,0.00832083394346186,88917384,128179540,605,184467.61983471076,30.052282039965593,11.0776991956819,-147057516.00030398,155467602.698994,4544046.844096,0.00789632350256517,7,9.0580315364879,0.4926607773221662,9.67885170576994,-1.3176853184231845,1.407390970178752,18.892548774863325,17.513032194711123,40.9254665961858,11.193488192395778,18.43,-4.259740259740261,25.118805159538354,1.176,1.2407756,19.3083724409604,0.207375751690336,72.58156840297653,26.285714,364858.26666666666,45.29624458960643,6.098912219794707
EVER,NASDAQ,"EverQuote, Inc.",846811265.0000001,Technology Services,25.65437092768155,-190375000,40.4529407346203,97.6460477914401,24.552924426511055,13.042781374138833,38.45158839640936,7.822265625,11.981111426330626,0.8692240511759831,1.1481662027706654,11.0000291314331,3.2978343809183985,53.6144902762004,7.588858554913296,46335.0000,35.15494623883056,90324000,-2.2008670520231215,6,,5.672627461100391,-1.8874896328265642,5.602547103574489,4.531791662583852,,171379000,1945283.70786517,53.191683091953,83.6717,147.44260974627466,253719.10112359552,0.05294256251138123,15.1588060349736,-2.712550607287442,Buy,0.0107839018652327,31682100,95135000,356,197693.82022471912,14.82513546779134,52.644245423294,-168812000,171379000,1370000,0.00756684762713316,7,9.49140519221064,2.749049441288663,4.549176126066936,-2.39861322269427,2.631018556929119,24.297995983074994,22.14184447747282,97.2022509064707,38.65243194576599,24.03,17.621145374449345,51.99240986717268,2.005657,0.66531986,11.453949825079,0.153903592466606,37.21230928368244,29.5,612944.8333333334,44.93082644534103,88.06349036688668
GENC,AMEX,"Gencor Industries, Inc.",254017962,Producer Manufacturing,32.073358532829346,-164106000,1.232163948032049,28.5841544558775,25.26865782257467,16.948638651385604,2.0067864906420656,17.06044496948218,16.349056603773583,0.8172923135657926,2.3889933825400873,11.7405373959204,1.1301291920913128,6.85102956401702,5.976996742671008,46367.0000,6.786290898440432,19565000,-10.909127168782822,7,,-5.367723362233455,0,0,2.477911500563575,,136301000,363009.433962264,7.6780334507517,70.3891,-1.9876495561559195,61525.157232704405,,13.5339781114787,12.459441920830619,Neutral,0.0016005514584376,12338800,27717000,318,51490.56603773584,8.317436433311066,7.6780334507517,-135962000,26587000,0,0.000280287762102425,6,12.1642672991308,-1.7395876499971035,2.3891819780486325,-8.303529986564065,1.8909128121162504,17.173417826558758,15.565170200785177,27.4721276540451,5.881227972715765,17.33,16.857720836142942,20.013850415512458,1.06,0.5343086,13.6739628404174,0.184881975712921,48.430321592649314,21,72287.63333333333,43.6129262056467,0.52182454417089
TOST,NYSE,"Toast, Inc.",19341490532.000004,Technology Services,31.63265306122449,-1713000000,34.20829805249788,26.6754850088183,23.096774193548384,9.881358686819437,24.052419354838708,42.532260125207614,24.040145381858462,2.5909010188124637,2.785243974132865,6.39329805996473,9.392837291454464,25.16179135387,36.05008288752557,46336.0000,15.661103979460847,608000000,-3.503067484662577,7,,4.684061615844074,-6.517311608961303,2.6057971032074536,5.922986478542034,,1991000000,946615.384615385,18.6426819296811,93.69189999999999,128.25896762904637,93538.46153846155,0.3199576238615726,7.14285714285714,-18.14605360216376,Buy,0.00941619585687382,516000000,576000000,6500,57230.769230769234,49.52825835419377,18.4217613789389,-1971000000,1353000000,20000000,0,8,11.1773614739364,-4.576587795765878,6.0295790671217295,-5.298387096774194,0.976271186440678,32.562577204214314,31.32284146962556,25.7597919713961,22.025316455696203,33.29,32.8942115768463,18.007798652959938,1.384767,1.7279617,7.18694885361552,0.1,97.42813918305596,38.962963,9141410.966666667,47.945413037271855,229.20353982300884